{
    "outputs": [
        [
            0.06835698359757662,
            0.9792
        ],
        [
            0.08505244566458277,
            0.9776
        ],
        [
            0.0864340722322464,
            0.9722
        ],
        [
            0.07598995210081338,
            0.9726
        ],
        [
            0.08074854217041284,
            0.9754
        ]
    ],
    "histories": [
        {
            "val_loss": [
                0.14172036710977554,
                0.1157892141699791,
                0.09600587533712387,
                0.09648148937225341,
                0.07658716895878315,
                0.0764040815986693,
                0.07754281441792846,
                0.08040252164155245,
                0.08403629559502006,
                0.07986291870772838,
                0.0797557512369007,
                0.08221836904883385,
                0.07723917555520311,
                0.06835698359757662,
                0.06919166946411133,
                0.07637196083310992,
                0.07548172599421814,
                0.06892624844238163,
                0.07593935776799918,
                0.07916038337922655
            ],
            "val_acc": [
                0.954,
                0.9594,
                0.9658,
                0.9644,
                0.9746,
                0.9752,
                0.9748,
                0.9736,
                0.9746,
                0.972,
                0.9758,
                0.9728,
                0.9772,
                0.9792,
                0.9774,
                0.9776,
                0.9782,
                0.9788,
                0.9752,
                0.9768
            ],
            "loss": [
                0.2820642303645611,
                0.15886148050576449,
                0.13106121501103044,
                0.11343857154622675,
                0.09890258749872446,
                0.09323088787198067,
                0.08895798685662448,
                0.08574513816963882,
                0.07853485891660675,
                0.07008364408928901,
                0.06992983033824712,
                0.06599233072698116,
                0.05746339613692835,
                0.060158355433680116,
                0.05697281379224733,
                0.05064107680395245,
                0.05417491413584212,
                0.04380898186984123,
                0.046498884295311294,
                0.0450514094065933
            ],
            "acc": [
                0.9011,
                0.94555,
                0.9544,
                0.9591,
                0.96445,
                0.9675,
                0.96925,
                0.97015,
                0.97225,
                0.97485,
                0.97425,
                0.97725,
                0.9805,
                0.97925,
                0.9807,
                0.98165,
                0.9812,
                0.98515,
                0.9845,
                0.9846
            ]
        },
        {
            "val_loss": [
                0.13014337847232818,
                0.11031305066943169,
                0.10279256587028504,
                0.08771751397848129,
                0.09061915272921324,
                0.09669331904500723,
                0.08481311254203319,
                0.07940192074477673,
                0.08226078210771084,
                0.08687549269795418,
                0.07674101161211729,
                0.0867449402667582,
                0.07997171333432197,
                0.08371420907005668,
                0.07956902333237231,
                0.07554618545249105,
                0.10084577039591969,
                0.08878626030986198,
                0.08516505368049257,
                0.0882840588323772,
                0.08505244566458277,
                0.08815312975496054,
                0.08073129519950599,
                0.1095902867662604,
                0.08992040866599418,
                0.09216829816000537,
                0.09948156082767527
            ],
            "val_acc": [
                0.9568,
                0.9642,
                0.9638,
                0.9714,
                0.967,
                0.9662,
                0.9718,
                0.9732,
                0.974,
                0.9708,
                0.974,
                0.9726,
                0.9728,
                0.976,
                0.9746,
                0.9756,
                0.9734,
                0.974,
                0.9768,
                0.9726,
                0.9776,
                0.9776,
                0.9774,
                0.9762,
                0.9776,
                0.9762,
                0.9752
            ],
            "loss": [
                0.2822306909888983,
                0.15574324211366475,
                0.1273979362130165,
                0.11105991855189204,
                0.09688254403881728,
                0.0892144004676491,
                0.08694188717454672,
                0.07871004968844354,
                0.07284179818918929,
                0.07061787554332986,
                0.06544238363718614,
                0.060124118391331284,
                0.0608441799855791,
                0.05736296057943255,
                0.051258024335862136,
                0.052881804407108574,
                0.04660100889960304,
                0.051757873527222546,
                0.043717942293774105,
                0.046610400235370615,
                0.04012841377599398,
                0.040011848876683506,
                0.037568690567521844,
                0.03484353063143062,
                0.041749383415697956,
                0.03908746345422405,
                0.038477655162260635
            ],
            "acc": [
                0.8997,
                0.94355,
                0.9564,
                0.9607,
                0.9655,
                0.9677,
                0.9697,
                0.9718,
                0.97415,
                0.9741,
                0.9784,
                0.9787,
                0.97985,
                0.98015,
                0.9818,
                0.98225,
                0.98335,
                0.98235,
                0.985,
                0.98425,
                0.9858,
                0.9866,
                0.98675,
                0.9876,
                0.98595,
                0.98665,
                0.98755
            ]
        },
        {
            "val_loss": [
                0.17689170662164688,
                0.10465022329092026,
                0.1022337729409337,
                0.09643182120472192,
                0.08971673173308373,
                0.1027406854186207,
                0.1037071562813595,
                0.0864340722322464,
                0.09176368159353733,
                0.08619173708297312,
                0.10227043090518564,
                0.09037387413461692,
                0.10876002067397349,
                0.09775987110259012
            ],
            "val_acc": [
                0.939,
                0.962,
                0.9638,
                0.9686,
                0.9688,
                0.9666,
                0.9684,
                0.9722,
                0.9722,
                0.9714,
                0.9694,
                0.9722,
                0.9694,
                0.9718
            ],
            "loss": [
                0.2803301759406924,
                0.15854224221110344,
                0.12936097691059112,
                0.11229117417894303,
                0.09827940781507641,
                0.09268014019746333,
                0.08301690564919263,
                0.07811953791799024,
                0.07729862758233212,
                0.06924240778798703,
                0.060116370167816055,
                0.06535772729786113,
                0.05480605684495531,
                0.056830931550095554
            ],