{
    "outputs": [
        [
            0.1080776561498642,
            0.967
        ],
        [
            0.11061906426083297,
            0.9714
        ],
        [
            0.0917302526473999,
            0.9748
        ],
        [
            0.11783306293338537,
            0.9694
        ],
        [
            0.07639854178983951,
            0.9734
        ]
    ],
    "histories": [
        {
            "val_loss": [
                0.2206386510848999,
                0.17225552215576173,
                0.1481771003484726,
                0.15494103741645812,
                0.13234504058361055,
                0.12518788952827453,
                0.12307983272075652,
                0.12235292323827744,
                0.1080776561498642,
                0.11282537205219269,
                0.10639645538330078,
                0.1143457929611206,
                0.11022549030780793,
                0.10622427350282669,
                0.1099231073498726
            ],
            "val_acc": [
                0.9304,
                0.9442,
                0.9532,
                0.9494,
                0.9566,
                0.958,
                0.9564,
                0.9612,
                0.967,
                0.9616,
                0.9662,
                0.9644,
                0.965,
                0.9658,
                0.963
            ],
            "loss": [
                0.47388899686336516,
                0.2442035447835922,
                0.19197407363653182,
                0.16490826646089554,
                0.14519726827144622,
                0.1307717855155468,
                0.12961215170621873,
                0.11504578841626645,
                0.11026850156188012,
                0.1025670682311058,
                0.09171470688134432,
                0.09146261570602655,
                0.08508256922215224,
                0.07803391487896442,
                0.07977840709090232
            ],
            "acc": [
                0.828,
                0.91835,
                0.935,
                0.94445,
                0.95095,
                0.9554,
                0.9551,
                0.9581,
                0.96065,
                0.96425,
                0.9668,
                0.9663,
                0.97,
                0.9724,
                0.9727
            ]
        },
        {
            "val_loss": [
                0.21939877038002015,
                0.16745007869005205,
                0.17708181092739106,
                0.14117308235764503,
                0.1379122651875019,
                0.11764046442508698,
                0.11351579728126526,
                0.10800063498616219,
                0.13718217837139965,
                0.11299166485667228,
                0.11266264857649803,
                0.10160907764434815,
                0.1386282616198063,
                0.09636855880916119,
                0.10497197044193744,
                0.10984581643044948,
                0.10737413949817419,
                0.1742352855592966,
                0.109873178319633,
                0.12224742398262024,
                0.10927701934427023,
                0.1100747101843357,
                0.11061906426083297,
                0.11307263786941767,
                0.10548601634204388,
                0.11495522432923316,
                0.11141095405071974,
                0.11994603299051523,
                0.1163503895536065
            ],
            "val_acc": [
                0.9326,
                0.9456,
                0.9366,
                0.9514,
                0.953,
                0.9638,
                0.9634,
                0.9628,
                0.959,
                0.9644,
                0.9662,
                0.9686,
                0.9608,
                0.968,
                0.9658,
                0.966,
                0.9688,
                0.9548,
                0.9652,
                0.967,
                0.9708,
                0.9706,
                0.9714,
                0.9694,
                0.9686,
                0.9702,
                0.9714,
                0.971,
                0.969
            ],
            "loss": [
                0.4856769000530243,
                0.2504504119157791,
                0.2001537823319435,
                0.17731014051437377,
                0.15633148893117904,
                0.1353102401673794,
                0.1306501195013523,
                0.11959967930018901,
                0.1082694868415594,
                0.1038254320666194,
                0.09192739350795746,
                0.09647505784630775,
                0.08803425999283791,
                0.08341900403425097,
                0.08153266421109438,
                0.08124313226640224,
                0.07656053309440612,
                0.0754698955513537,
                0.07034461608678103,
                0.06807314930185676,
                0.06836728975772857,
                0.06887248176038266,
                0.07151600643396377,
                0.05858934528082609,
                0.058459068020433186,
                0.05618992235139012,
                0.05444708574451506,
                0.05634510250929743,
                0.0552081357402727
            ],
            "acc": [
                0.824,
                0.9168,
                0.9322,
                0.94035,
                0.9436,
                0.95235,
                0.9547,
                0.95865,
                0.9618,
                0.96305,
                0.9678,
                0.9654,
                0.9689,
                0.9706,
                0.96975,
                0.9743,
                0.9726,
                0.97165,
                0.9759,
                0.9747,
                0.97595,
                0.97545,
                0.9739,
                0.97865,
                0.9796,
                0.9797,
                0.98095,
                0.98045,
                0.98065
            ]
        },
        {
            "val_loss": [
                0.21863252514898776,
                0.18919944316744805,
                0.14584602109715342,
                0.11631561437398195,
                0.1176532179940492,
                0.11068385577183217,
                0.11190344426482916,
                0.10344607318639755,
                0.12489904282987117,
                0.10362313889488578,
                0.09937200556956231,
                0.10956604926250875,
                0.10151107535362244,
                0.09246142168268562,
                0.09868784154579044,
                0.10054390792823396,
                0.11457917864508926,
                0.1010784261893481,
                0.09149241709969938,
                0.09587688905168325,
                0.09878452767664567,
                0.09583238370548934,
                0.0917302526473999,
                0.1099166908659041,
                0.09875227610040456,
                0.0975110626757145,
                0.11368577840607613,
                0.10424960025548935,
                0.10146098297648132
            ],
            "val_acc": [
                0.9238,
                0.9414,
                0.9518,
                0.9626,
                0.9602,
                0.9646,
                0.9646,
                0.9654,
                0.9612,
                0.9692,
                0.9676,
                0.9638,
                0.9672,
                0.971,
                0.971,
                0.9708,
                0.9656,
                0.9724,
                0.9724,
                0.9726,
                0.9718,
                0.9732,
                0.9748,
                0.9674,
                0.9712,
                0.9728,
                0.9702,
                0.9722,
                0.9718
            ],