{
    "outputs": [
        [
            0.11729517584443093,
            0.9662
        ],
        [
            0.10789306476116181,
            0.9676
        ],
        [
            0.11533787417411805,
            0.9616
        ],
        [
            0.122060119920969,
            0.9624
        ],
        [
            0.12425908940434456,
            0.9632
        ]
    ],
    "histories": [
        {
            "val_loss": [
                0.3025819925546646,
                0.19938275830745697,
                0.17246554191112518,
                0.15473753722906114,
                0.16781182403564454,
                0.13101285429000856,
                0.1263132401943207,
                0.12033860565423965,
                0.10669035532474518,
                0.11282551002502442,
                0.10642746181488037,
                0.11382059435844422,
                0.14188775715827942,
                0.10784037665128708,
                0.1185506314277649,
                0.10298058267831803,
                0.10320917038917542,
                0.1216480171918869,
                0.11329676320552826,
                0.11983576328754425,
                0.10944588253498078,
                0.1076931853890419,
                0.11550022996664047,
                0.11750332754850387,
                0.1233934926867485,
                0.11437650129795074,
                0.12101045635938644,
                0.13533925516605377,
                0.12264250473976135,
                0.12148060736358166,
                0.11776477962732315,
                0.12966231433153153,
                0.11729517584443093,
                0.12158398967385292,
                0.13321359165906907,
                0.13603081941008568,
                0.1141175420999527,
                0.1437595421075821,
                0.1325842182636261
            ],
            "val_acc": [
                0.9012,
                0.9272,
                0.9384,
                0.9474,
                0.939,
                0.9544,
                0.9542,
                0.9554,
                0.9586,
                0.9602,
                0.9602,
                0.9574,
                0.9496,
                0.9616,
                0.9598,
                0.9618,
                0.963,
                0.9578,
                0.9626,
                0.962,
                0.9602,
                0.9638,
                0.962,
                0.9644,
                0.964,
                0.9628,
                0.9608,
                0.9574,
                0.9636,
                0.965,
                0.9632,
                0.9614,
                0.9662,
                0.9638,
                0.9626,
                0.9638,
                0.9636,
                0.9614,
                0.9638
            ],
            "loss": [
                0.65963459649086,
                0.32832112860679624,
                0.2569116073846817,
                0.21742692145109177,
                0.1939061743617058,
                0.18306871799230576,
                0.169374394595623,
                0.14928585312366485,
                0.14165711140036583,
                0.1317945010125637,
                0.11865505287647247,
                0.11813783829063178,
                0.11367301927804947,
                0.10722062387764454,
                0.10217150751948356,
                0.09853467995226384,
                0.09549483442306518,
                0.08681995341777801,
                0.0884186604231596,
                0.08361176221817732,
                0.08150537546873092,
                0.07880888270288706,
                0.07723358228653669,
                0.0754809786349535,
                0.07057801245301962,
                0.07321652766764164,
                0.07037192331179977,
                0.0708410848453641,
                0.060677982448041436,
                0.06432773048877716,
                0.062144568525254726,
                0.06298218015767634,
                0.059038454456068576,
                0.05470461503118276,
                0.05535503160953522,
                0.051452322413772345,
                0.056650089631974695,
                0.05013635422289371,
                0.05289901195447892
            ],
            "acc": [
                0.74925,
                0.8855,
                0.91135,
                0.9233,
                0.9334,
                0.9377,
                0.94065,
                0.94985,
                0.9522,
                0.95435,
                0.9575,
                0.96015,
                0.96115,
                0.9615,
                0.96445,
                0.96495,
                0.9664,
                0.969,
                0.96955,
                0.9703,
                0.97155,
                0.9725,
                0.9723,
                0.97345,
                0.9757,
                0.9736,
                0.9748,
                0.97555,
                0.97855,
                0.97765,
                0.9789,
                0.97805,
                0.9794,
                0.9805,
                0.98155,
                0.9819,
                0.98075,
                0.9815,
                0.9815
            ]
        },
        {
            "val_loss": [
                0.31267164359092714,
                0.2061314914226532,
                0.16368065357208253,
                0.15325884728431702,
                0.1507028834104538,
                0.13560188255310057,
                0.1395602295398712,
                0.11548650765419007,
                0.11530208389759064,
                0.11995018606185913,
                0.1186628145456314,
                0.11326890518665314,
                0.10681691541671753,
                0.10789306476116181,
                0.10435855538845062,
                0.10175975432395935,
                0.11100275390148164,
                0.11082949601411819,
                0.1186705773293972,
                0.11589627584218978
            ],
            "val_acc": [
                0.8846,
                0.93,
                0.9466,
                0.9488,
                0.9468,
                0.9542,
                0.9532,
                0.9612,
                0.9616,
                0.9596,
                0.9598,
                0.9638,
                0.965,
                0.9676,
                0.966,
                0.966,
                0.9652,
                0.9656,
                0.9598,
                0.9642
            ],
            "loss": [
                0.6937030410051346,
                0.3367944376707077,
                0.2628526653051376,
                0.22483877246379852,
                0.20928115034103392,
                0.1831855520248413,
                0.1651922527909279,
                0.16106550394296645,
                0.15006606197357178,
                0.1384003432035446,
                0.13998010421395302,
                0.12196865428686142,
                0.11970944886803626,
                0.11830994404554367,
                0.11336613818854094,
                0.10460434448719025,
                0.09845041449815035,
                0.09428335137963295,
                0.09969268988668918,
                0.09587736681699753
            ],