{
    "outputs": [
        [
            0.10984258399903775,
            0.9682
        ],
        [
            0.10254237044155598,
            0.973
        ],
        [
            0.09687620975375176,
            0.9734
        ],
        [
            0.10445247030854225,
            0.969
        ],
        [
            0.09651699592024088,
            0.9736
        ]
    ],
    "histories": [
        {
            "val_loss": [
                0.2261968207359314,
                0.16784735069274903,
                0.1433529508113861,
                0.14203299174308776,
                0.13707535679340363,
                0.11329872779846191,
                0.11176301879882812,
                0.11977787935733795,
                0.11379771755933761,
                0.11330985811948777,
                0.10516750559806824,
                0.10416206339597701,
                0.11748721980452538,
                0.10984258399903775,
                0.11685173006057739,
                0.11252099612951279,
                0.1133175695002079,
                0.11088169019222259,
                0.1185343165397644,
                0.12459135999083519
            ],
            "val_acc": [
                0.9242,
                0.9422,
                0.9514,
                0.9506,
                0.9536,
                0.9622,
                0.9616,
                0.9608,
                0.963,
                0.9634,
                0.9658,
                0.9662,
                0.9642,
                0.9682,
                0.9644,
                0.9676,
                0.9658,
                0.9668,
                0.9678,
                0.968
            ],
            "loss": [
                0.489889727640152,
                0.2494255747795105,
                0.20455367001295088,
                0.17152791411876678,
                0.15554541342258454,
                0.1433814179778099,
                0.12718877455592156,
                0.1166505612373352,
                0.11019000515937805,
                0.10395004388689995,
                0.09868695718348026,
                0.09339228003323079,
                0.08568842233121395,
                0.08608020751029254,
                0.07744094468057156,
                0.0763389659628272,
                0.07241336408555507,
                0.06981096138060093,
                0.06506062458977104,
                0.06174246699102223
            ],
            "acc": [
                0.8219,
                0.91475,
                0.92935,
                0.94205,
                0.945,
                0.95025,
                0.95545,
                0.95885,
                0.96135,
                0.96265,
                0.96535,
                0.96715,
                0.9696,
                0.9688,
                0.97315,
                0.97235,
                0.97385,
                0.9761,
                0.9764,
                0.9779
            ]
        },
        {
            "val_loss": [
                0.2809777713298798,
                0.18463776268959045,
                0.14176757313013078,
                0.14779671137332917,
                0.1212033700466156,
                0.12124380049705505,
                0.11709913473129273,
                0.10842861469984054,
                0.11082139897346496,
                0.11372962834835053,
                0.10555264774560928,
                0.11178225827217102,
                0.11558095169067382,
                0.11488303343057632,
                0.10561475735902787,
                0.10422348248958588,
                0.10166291905641556,
                0.11364627791643142,
                0.10326054235696792,
                0.10612059997320175,
                0.13249691485762596,
                0.11138569820523261,
                0.10239551579505206,
                0.11383934509307146,
                0.10254237044155598,
                0.12497670452594757,
                0.11060521340817213,
                0.11663760300576687,
                0.1394979837477207,
                0.10581556301862001,
                0.10755654078722
            ],
            "val_acc": [
                0.8992,
                0.9384,
                0.9536,
                0.951,
                0.96,
                0.9606,
                0.964,
                0.9648,
                0.9648,
                0.9656,
                0.9672,
                0.964,
                0.9626,
                0.9634,
                0.9694,
                0.9656,
                0.9694,
                0.9654,
                0.9716,
                0.9724,
                0.9652,
                0.9678,
                0.9688,
                0.965,
                0.973,
                0.9686,
                0.9714,
                0.969,
                0.9702,
                0.9716,
                0.9682
            ],
            "loss": [
                0.4655008903503418,
                0.24701390606164933,
                0.20110692598819732,
                0.1695574945271015,
                0.15281776617765427,
                0.12979978672862053,
                0.11949981121122837,
                0.11457060105502606,
                0.10498050675690174,
                0.09831426403522492,
                0.09433615494966507,
                0.08961979523301125,
                0.08643777976632118,
                0.08042949695587158,
                0.07654914937913418,
                0.0759805043026805,
                0.07224061022698879,
                0.06698041144534946,
                0.059161620277166364,
                0.06005538499876857,
                0.060503780518472196,
                0.058215226152539254,
                0.05598465647138655,
                0.05752439651228487,
                0.05012375045157969,
                0.052471969260275364,
                0.053830985921621326,
                0.04734443343132734,
                0.04939509231876582,
                0.050684277166426185,
                0.047214927994459865
            ],