{
    "outputs": [
        [
            0.12254690873622895,
            0.9726
        ],
        [
            0.08550419816970825,
            0.9746
        ],
        [
            0.1179839685101062,
            0.9708
        ],
        [
            0.08753613807410002,
            0.9754
        ],
        [
            0.08574028265476227,
            0.9726
        ]
    ],
    "histories": [
        {
            "val_loss": [
                0.23388967852592468,
                0.17668784151077271,
                0.1560373527407646,
                0.1330752717733383,
                0.1282464351952076,
                0.12974692564308643,
                0.12489476894140243,
                0.13462596628665924,
                0.11311556975841522,
                0.12155657780766486,
                0.11681224954724312,
                0.11637794488668442,
                0.11841892190873624,
                0.11686502881050109,
                0.11220262829661369,
                0.10720704923719168,
                0.1170906842969358,
                0.11220180524317548,
                0.11494212254732847,
                0.11285991861075163,
                0.11098913899585605,
                0.10170473512336611,
                0.11090795515999198,
                0.11563143372870982,
                0.11586932604685425,
                0.135779626442492,
                0.12254690873622895,
                0.12371542679183185,
                0.13513664132682607,
                0.12841302456939593,
                0.13599084745943546,
                0.11821586763365194,
                0.1251981520990259
            ],
            "val_acc": [
                0.9206,
                0.939,
                0.9494,
                0.954,
                0.9566,
                0.9562,
                0.9612,
                0.9582,
                0.9668,
                0.9634,
                0.9634,
                0.9644,
                0.9654,
                0.9672,
                0.9652,
                0.9686,
                0.9668,
                0.9694,
                0.9684,
                0.9682,
                0.97,
                0.972,
                0.9722,
                0.9692,
                0.97,
                0.9676,
                0.9726,
                0.9696,
                0.9718,
                0.9706,
                0.9684,
                0.9722,
                0.9726
            ],
            "loss": [
                0.5108798418521882,
                0.25386337146759036,
                0.2012614117026329,
                0.1783940576314926,
                0.15096793245077134,
                0.13302007701694965,
                0.11883322192430497,
                0.113798647454381,
                0.10369805278033017,
                0.09342428107708693,
                0.09551979828774929,
                0.08959106572270394,
                0.0794991418376565,
                0.08252541125267744,
                0.07921419064849615,
                0.07346982326507569,
                0.06975094947814942,
                0.06598156770393253,
                0.06080576480329037,
                0.061689540924876926,
                0.06087040103673935,
                0.059936799085885284,
                0.05812489972859621,
                0.06628375656083227,
                0.05622250080108643,
                0.05451437094807625,
                0.049011732159554955,
                0.05229800348654389,
                0.051617911546118556,
                0.05123122519701719,
                0.04723661219105124,
                0.048911748930998145,
                0.05191649094037712
            ],
            "acc": [
                0.8178,
                0.91735,
                0.93045,
                0.9412,
                0.9476,
                0.9546,
                0.9593,
                0.95925,
                0.9626,
                0.9668,
                0.966,
                0.96925,
                0.97255,
                0.9705,
                0.9723,
                0.97425,
                0.97445,
                0.977,
                0.97815,
                0.9769,
                0.9793,
                0.9786,
                0.9799,
                0.97645,
                0.9803,
                0.98225,
                0.98335,
                0.98115,
                0.9826,
                0.9818,
                0.9829,
                0.98265,
                0.98195
            ]
        },
        {
            "val_loss": [
                0.2502725545883179,
                0.1591930149078369,
                0.14692099914550782,
                0.13653045284748078,
                0.12285871934890748,
                0.13884931304454803,
                0.10308917014598847,
                0.11477970159053802,
                0.11809703841805458,
                0.09507882677316666,
                0.09831611021757126,
                0.10917891144156457,
                0.09968440255522729,
                0.09526734486818314,
                0.08550419816970825,
                0.11064070442914962,
                0.09638128690123558,
                0.10804454098343849,
                0.10647297859340907,
                0.10584022423624992,
                0.09845935934185981
            ],
            "val_acc": [
                0.923,
                0.9516,
                0.956,
                0.959,
                0.9598,
                0.9584,
                0.9678,
                0.9622,
                0.9622,
                0.9688,
                0.9696,
                0.9672,
                0.9706,
                0.9716,
                0.9746,
                0.9662,
                0.9726,
                0.9682,
                0.9732,
                0.973,
                0.9726
            ],
            "loss": [
                0.47538391828536986,
                0.24750669746398926,
                0.1993780496239662,
                0.16510124132037163,
                0.1477526124536991,
                0.12374788702130318,
                0.1226220602095127,
                0.10873135816454887,
                0.10794279629290104,
                0.10371841114759445,
                0.08874394800364971,
                0.09059644397199154,
                0.08733189880251885,
                0.07821535937488079,
                0.07635923134237528,
                0.07552561956681311,
                0.06983491752892733,
                0.06938626864403487,
                0.06505705059245229,
                0.06540226893052459,
                0.06273148803263903
            ],