{
    "outputs": [
        [
            0.09350505240857601,
            0.9714
        ],
        [
            0.1056959914445877,
            0.9676
        ],
        [
            0.09807638831753283,
            0.9714
        ],
        [
            0.08914404424455133,
            0.9708
        ],
        [
            0.1128787206305191,
            0.9682
        ]
    ],
    "histories": [
        {
            "val_loss": [
                0.2530583472371101,
                0.19113415541648865,
                0.14600636682510376,
                0.12874790900945662,
                0.12999326009750367,
                0.11236663756370545,
                0.11384896673187614,
                0.11503573750257493,
                0.10964874042272568,
                0.10933123890459538,
                0.10294602609872817,
                0.09350505240857601,
                0.10239691272974014,
                0.09620329272150993,
                0.09240216753482819,
                0.09919958646520972,
                0.10517175430059433,
                0.09337740975618362
            ],
            "val_acc": [
                0.913,
                0.9378,
                0.9502,
                0.9558,
                0.9586,
                0.9612,
                0.9614,
                0.961,
                0.9638,
                0.9632,
                0.9658,
                0.9714,
                0.9672,
                0.968,
                0.9714,
                0.9674,
                0.9678,
                0.9676
            ],
            "loss": [
                0.594611664223671,
                0.2887833158969879,
                0.22447685651779176,
                0.2033219111561775,
                0.17508063917160036,
                0.1581616211116314,
                0.14340888852477074,
                0.14210753886699676,
                0.13471150153279304,
                0.1244982375383377,
                0.12152126869559288,
                0.11374540193676949,
                0.10298631995022296,
                0.10939756123423576,
                0.09717556492090225,
                0.09443220991790295,
                0.08834595395028591,
                0.08646175788640977
            ],
            "acc": [
                0.7747,
                0.8998,
                0.92155,
                0.92935,
                0.93895,
                0.943,
                0.94995,
                0.94905,
                0.95285,
                0.95635,
                0.95675,
                0.95805,
                0.96285,
                0.96195,
                0.9655,
                0.96715,
                0.96765,
                0.9688
            ]
        },
        {
            "val_loss": [
                0.2664820713043213,
                0.1933213761329651,
                0.15875719995498658,
                0.1598705566883087,
                0.15497241557836533,
                0.14188580114841462,
                0.12983861078023912,
                0.13359402906894685,
                0.13085667157173156,
                0.13231603257656097,
                0.10920993642807007,
                0.11254260606765747,
                0.1056959914445877,
                0.11106986736059189,
                0.1126127471446991,
                0.11029831941127777,
                0.12101015741825104,
                0.11016068909168243,
                0.11840893620848655
            ],
            "val_acc": [
                0.9076,
                0.9372,
                0.9486,
                0.9486,
                0.9474,
                0.9466,
                0.9574,
                0.957,
                0.9524,
                0.958,
                0.9614,
                0.964,
                0.9676,
                0.9668,
                0.961,
                0.96,
                0.9662,
                0.966,
                0.9632
            ],
            "loss": [
                0.6191344150543213,
                0.28760155522823333,
                0.22972054612636567,
                0.2025121487379074,
                0.18371059910058976,
                0.1661022164463997,
                0.15397500861883162,
                0.14022060053348542,
                0.131992602956295,
                0.12910061901807784,
                0.11811409041881561,
                0.11538527261614799,
                0.10739253247678279,
                0.1056356631577015,
                0.10484821578860283,
                0.0970757610321045,
                0.09420940213799477,
                0.09379577145576477,
                0.08814017894268036
            ],
            "acc": [
                0.7687,
                0.90065,
                0.9208,
                0.9288,
                0.9364,
                0.9425,
                0.94535,
                0.9507,
                0.95415,
                0.9535,
                0.95645,
                0.95995,
                0.9618,
                0.9606,
                0.96235,
                0.966,
                0.9651,
                0.9661,
                0.9695
            ]
        },
        {
            "val_loss": [
                0.2525884540975094,
                0.19607875012159348,
                0.1471418635055423,
                0.1348573910355568,
                0.12272045892514288,
                0.1405412993621081,
                0.12135894367992878,
                0.11360798343792558,
                0.11081092553772032,
                0.10498758654473349,
                0.11362208793389145,
                0.1124687561141327,
                0.09799821838554926,
                0.1057038338671322,
                0.09807638831753283,
                0.10145175228284206,
                0.1151578945480287,
                0.10350093822814524,
                0.10890098023882601,
                0.1039695827078016,
                0.11215889310641214
            ],
            "val_acc": [
                0.9174,
                0.9346,
                0.9444,
                0.9542,
                0.957,
                0.9532,
                0.9604,
                0.9632,
                0.9626,
                0.966,
                0.9606,
                0.9622,
                0.9686,
                0.964,
                0.9714,
                0.9696,
                0.9628,
                0.9708,
                0.9686,
                0.9698,
                0.9674
            ],
            "loss": [
                0.5976699056625366,
                0.27536409616470336,
                0.22199094407558442,
                0.18913449943065644,
                0.16815872118473052,
                0.1482670640230179,
                0.14101261930465697,
                0.12575475251078605,
                0.12565605977773667,
                0.11708529739975929,
                0.11063886360526085,
                0.1061271728247404,
                0.10290285176634789,
                0.09507968410551548,
                0.10022249546647072,
                0.08931698471531271,
                0.0881691278487444,
                0.0857705463156104,
                0.0802938966087997,
                0.07698552904725074,
                0.07778581466451287
            ],