{
    "outputs": [
        [
            0.10507973565980792,
            0.9692
        ],
        [
            0.11270859309434891,
            0.9686
        ],
        [
            0.11146062685996294,
            0.97
        ],
        [
            0.09374413689747453,
            0.9724
        ],
        [
            0.09589269512686878,
            0.9726
        ]
    ],
    "histories": [
        {
            "val_loss": [
                0.29551638007164,
                0.19940277285575866,
                0.18925096892118454,
                0.16916530364155768,
                0.13768090277314185,
                0.13776950449943542,
                0.12725253419727087,
                0.1184834848165512,
                0.10814867951869965,
                0.11067166051790119,
                0.10441104491837323,
                0.11446739218588918,
                0.10137674564272166,
                0.09958280636966228,
                0.10264860975444316,
                0.08875150594413281,
                0.10741386265577749,
                0.1163665174187161,
                0.10200127979358659,
                0.10507973565980792,
                0.1031098091696389,
                0.10252481987602077,
                0.11377476721480488,
                0.10530565444100648,
                0.11227092820518883,
                0.09956799439908937
            ],
            "val_acc": [
                0.8942,
                0.9348,
                0.9372,
                0.94,
                0.953,
                0.9552,
                0.9548,
                0.9602,
                0.9638,
                0.9632,
                0.966,
                0.96,
                0.9658,
                0.9672,
                0.9662,
                0.9684,
                0.9642,
                0.9616,
                0.966,
                0.9692,
                0.966,
                0.9672,
                0.9636,
                0.9672,
                0.9642,
                0.9686
            ],
            "loss": [
                0.688414161157608,
                0.311367884516716,
                0.2408328562259674,
                0.2114911897778511,
                0.1831032532453537,
                0.1671211082458496,
                0.1524929135978222,
                0.1414798021197319,
                0.13502899908423424,
                0.12497995554804801,
                0.11823801750540733,
                0.11467897707223892,
                0.10671560653448105,
                0.10508978268206119,
                0.09324903682172299,
                0.09622193951904774,
                0.09161601167917252,
                0.08937513277679682,
                0.08900227399766446,
                0.07911477877497673,
                0.07868292861133813,
                0.07676517816185952,
                0.07636871566325426,
                0.07478805400133133,
                0.07059411433935166,
                0.06678613732606173
            ],
            "acc": [
                0.73505,
                0.89105,
                0.91875,
                0.9281,
                0.9389,
                0.94155,
                0.9461,
                0.95095,
                0.95165,
                0.95655,
                0.9588,
                0.95835,
                0.9624,
                0.96325,
                0.96655,
                0.96755,
                0.9679,
                0.96905,
                0.9685,
                0.97275,
                0.97185,
                0.9723,
                0.9741,
                0.97355,
                0.97505,
                0.97625
            ]
        },
        {
            "val_loss": [
                0.2927286638259888,
                0.19842324018478394,
                0.1841219832420349,
                0.16166369166374206,
                0.1363718113899231,
                0.13378957130908967,
                0.14053148016929626,
                0.12423123300075531,
                0.1335499702513218,
                0.12170054458379745,
                0.13119483753442765,
                0.12159014438390732,
                0.1187251011788845,
                0.11457994772791863,
                0.12229760571718216,
                0.11606292815208435,
                0.11400706779956818,
                0.11696929346323014,
                0.1356853842496872,
                0.10857455405592918,
                0.12860694308280946,
                0.11270859309434891,
                0.12969799472093582,
                0.11760340647697448,
                0.1286653413325548,
                0.1120233742237091,
                0.12264635983109475,
                0.12117612399756908
            ],
            "val_acc": [
                0.8988,
                0.9364,
                0.9386,
                0.9444,
                0.9516,
                0.9566,
                0.9544,
                0.9554,
                0.9552,
                0.96,
                0.9616,
                0.9638,
                0.9656,
                0.9646,
                0.9626,
                0.9636,
                0.9664,
                0.965,
                0.9656,
                0.9676,
                0.9628,
                0.9686,
                0.9664,
                0.9676,
                0.9652,
                0.9666,
                0.9676,
                0.9666
            ],
            "loss": [
                0.6613142731666565,
                0.3034056046962738,
                0.23447119271755218,
                0.1976600292444229,
                0.17434022583961487,
                0.1599944534420967,
                0.14476303149461747,
                0.1362189373910427,
                0.1306227419614792,
                0.12001580407321454,
                0.11208273456692695,
                0.10881910872459412,
                0.09820732264816762,
                0.10312400145828723,
                0.0931022252202034,
                0.08844998633861542,
                0.08507215175330639,
                0.0876257029786706,
                0.07963738961070777,
                0.07856902042329311,
                0.07651052168905735,
                0.0730565092921257,
                0.06565394818112254,
                0.06733636344000697,
                0.06495538994371891,
                0.06251364803723991,
                0.06222603043466807,
                0.06271196477040648
            ],