{
    "outputs": [
        [
            0.09881057582870126,
            0.9766
        ],
        [
            0.11544713737033307,
            0.971
        ],
        [
            0.11431783721148968,
            0.9692
        ],
        [
            0.08851873074794785,
            0.9768
        ],
        [
            0.14412030309588336,
            0.9686
        ]
    ],
    "histories": [
        {
            "val_loss": [
                0.226234921503067,
                0.16129571392536163,
                0.1558987320303917,
                0.1266331648349762,
                0.12469860075712204,
                0.11567622567415238,
                0.13728737776279448,
                0.10384800295829773,
                0.09677323414087295,
                0.09546851036548615,
                0.10443903732895851,
                0.11576739957928657,
                0.10016807203888893,
                0.11565649175047875,
                0.12390437579751015,
                0.10080966542065144,
                0.10985295561552048,
                0.10803524570167064,
                0.10280950727462769,
                0.10775458542108536,
                0.10272829166203737,
                0.11240864592790603,
                0.10686726612448692,
                0.12333682364672423,
                0.1311941527456045,
                0.11996664162576198,
                0.09881057582870126,
                0.13428905762955545,
                0.1152992211215198,
                0.1268503629811108,
                0.1222768812045455,
                0.13727907691933214,
                0.14942883989848196
            ],
            "val_acc": [
                0.926,
                0.9484,
                0.9478,
                0.9592,
                0.959,
                0.9662,
                0.9568,
                0.9682,
                0.971,
                0.9678,
                0.9704,
                0.97,
                0.9726,
                0.9676,
                0.9694,
                0.9724,
                0.9748,
                0.9738,
                0.973,
                0.9756,
                0.972,
                0.9732,
                0.9758,
                0.9716,
                0.97,
                0.9706,
                0.9766,
                0.9718,
                0.974,
                0.9722,
                0.972,
                0.9696,
                0.9724
            ],
            "loss": [
                0.441388684129715,
                0.22427056043148041,
                0.17475447293519975,
                0.14803306408524514,
                0.13256175335943698,
                0.11225837906002999,
                0.10369977607131005,
                0.09579403973519802,
                0.09076728957891464,
                0.08446958671286701,
                0.07406995863169431,
                0.07057567300647496,
                0.07312962784990669,
                0.06459340749159455,
                0.06812638204321265,
                0.06804950352460146,
                0.05464439509660005,
                0.058371892434451726,
                0.0565660470366478,
                0.05290208734050393,
                0.05416704544126987,
                0.05302142985761166,
                0.051416209178045395,
                0.04973248821869493,
                0.048396397671848536,
                0.04446377014312893,
                0.04278279398251325,
                0.04315770399980247,
                0.043004484211839736,
                0.04171665278961882,
                0.047455639678798615,
                0.04247271383749321,
                0.03992858338872902
            ],
            "acc": [
                0.84195,
                0.9233,
                0.93865,
                0.94895,
                0.9551,
                0.96055,
                0.96215,
                0.96675,
                0.96815,
                0.9692,
                0.9742,
                0.9742,
                0.97385,
                0.97735,
                0.97485,
                0.97485,
                0.98005,
                0.9787,
                0.9786,
                0.98105,
                0.9809,
                0.9817,
                0.9814,
                0.98145,
                0.98415,
                0.9834,
                0.9846,
                0.98405,
                0.986,
                0.98615,
                0.9838,
                0.9842,
                0.9862
            ]
        },
        {
            "val_loss": [
                0.22032483131289482,
                0.16773679922819137,
                0.13020599919855594,
                0.14851917751654983,
                0.12795012529864908,
                0.11828392838388681,
                0.13622290644310414,
                0.10131963352933526,
                0.10535116038918495,
                0.1066849626397714,
                0.11455211824430153,
                0.1051987769888714,
                0.10565047855172306,
                0.12849936310257762,
                0.11914152576774359,
                0.1182063873834908,
                0.11544713737033307,
                0.11250423288582824,
                0.12091150266379118,
                0.12283795756506734,
                0.13351051477300935,
                0.12161490265307366,
                0.15046788132768124
            ],
            "val_acc": [
                0.9278,
                0.9456,
                0.9556,
                0.9482,
                0.9558,
                0.9592,
                0.9606,
                0.9682,
                0.9668,
                0.967,
                0.9658,
                0.9676,
                0.9688,
                0.9632,
                0.9678,
                0.9692,
                0.971,
                0.97,
                0.9704,
                0.968,
                0.9686,
                0.9678,
                0.9634
            ],
            "loss": [
                0.461439294719696,
                0.2409922465324402,
                0.18133171867132186,
                0.1538024097263813,
                0.13594066714048386,
                0.11956953459978104,
                0.11335922092795372,
                0.10475831458866597,
                0.08850147171840071,
                0.08363394968509674,
                0.07962559163272381,
                0.07725564231723547,
                0.07420051049888134,
                0.067619148478657,
                0.06949325687587261,
                0.05977095321118832,
                0.05911329364478588,
                0.05680732793062925,
                0.05924840111248195,
                0.0621245550237596,
                0.05440759133081883,
                0.050872344548255205,
                0.04540463056229055
            ],