{
    "outputs": [
        [
            0.12509401963725686,
            0.97
        ],
        [
            0.09357246859669685,
            0.9716
        ],
        [
            0.11223587859198451,
            0.9718
        ],
        [
            0.12218158186674118,
            0.974
        ],
        [
            0.10433038267008961,
            0.9728
        ]
    ],
    "histories": [
        {
            "val_loss": [
                0.23981419577598573,
                0.1787482126235962,
                0.15411341218948366,
                0.13852218905687333,
                0.12519002876281737,
                0.13206110239028931,
                0.12669097172617913,
                0.11805830817222596,
                0.13272058988809585,
                0.1303400871872902,
                0.1229550159573555,
                0.1223417514950037,
                0.1296347955144942,
                0.14705332024097442,
                0.12507881664633752,
                0.12746980609297753,
                0.14289946200847625,
                0.13532353367209435,
                0.14165868056043981,
                0.15119414864331485,
                0.14620169178843498,
                0.12901548423171044,
                0.13158185800760985,
                0.13844892763197422,
                0.12973184253126382,
                0.1416718101963401,
                0.1511838246449828,
                0.13821329094320536,
                0.12509401963725686,
                0.149069396423921,
                0.16072253624275326,
                0.1371187073238194,
                0.16569778033197508,
                0.12890277079567314,
                0.1460651334967464
            ],
            "val_acc": [
                0.9198,
                0.9408,
                0.9494,
                0.9554,
                0.9594,
                0.9584,
                0.9604,
                0.9602,
                0.9588,
                0.96,
                0.9636,
                0.963,
                0.9646,
                0.958,
                0.9612,
                0.9642,
                0.9628,
                0.9668,
                0.9644,
                0.9642,
                0.9628,
                0.9656,
                0.9688,
                0.9672,
                0.968,
                0.9672,
                0.9674,
                0.9674,
                0.97,
                0.968,
                0.9662,
                0.9678,
                0.9658,
                0.969,
                0.9688
            ],
            "loss": [
                0.46492797164916994,
                0.23346799635887147,
                0.1739695471763611,
                0.1461614529490471,
                0.13226862670183182,
                0.11402479146122932,
                0.10233181863427163,
                0.09259845033884048,
                0.08479619326293468,
                0.08463572084903717,
                0.07424005945771933,
                0.06991182581558823,
                0.06066929363831878,
                0.06465607556328178,
                0.06295577707067132,
                0.05320928670093417,
                0.053789821888506416,
                0.05256071803569794,
                0.051650577548891304,
                0.05060951803103089,
                0.05483782810084522,
                0.048703886327147485,
                0.0444473513122648,
                0.043882215545699,
                0.047441145675443115,
                0.03972898255884647,
                0.037010098738223314,
                0.03682178991604596,
                0.035900756426900625,
                0.03983202641233802,
                0.04046196227381006,
                0.035188673977088185,
                0.03387541414164007,
                0.03512643000292592,
                0.037424605982657524
            ],
            "acc": [
                0.83385,
                0.921,
                0.94035,
                0.94905,
                0.9546,
                0.96025,
                0.9634,
                0.9657,
                0.97115,
                0.97035,
                0.97375,
                0.9758,
                0.97875,
                0.9776,
                0.9777,
                0.9814,
                0.9807,
                0.98105,
                0.9822,
                0.9816,
                0.9814,
                0.98285,
                0.98435,
                0.98485,
                0.98295,
                0.9855,
                0.9878,
                0.98735,
                0.98745,
                0.9866,
                0.98645,
                0.9878,
                0.9886,
                0.98745,
                0.9872
            ]
        },
        {
            "val_loss": [
                0.22447389674186707,
                0.1465888685941696,
                0.13096279225349428,
                0.11200621922016143,
                0.11235143666267396,
                0.10646980211734772,
                0.09538452619314194,
                0.10882346364259719,
                0.0931926964521408,
                0.11325263693332673,
                0.09398389475345612,
                0.09548282917141915,
                0.10477149119824171,
                0.1091724603176117,
                0.09357246859669685,
                0.10853288884758949,
                0.10315074955821037,
                0.10690293172597885,
                0.12166999185681343,
                0.13423253872841598,
                0.10447597258687019
            ],
            "val_acc": [
                0.9218,
                0.9456,
                0.9524,
                0.9602,
                0.9588,
                0.9652,
                0.9672,
                0.9642,
                0.9684,
                0.9654,
                0.9702,
                0.9696,
                0.968,
                0.9684,
                0.9716,
                0.9678,
                0.9696,
                0.969,
                0.9668,
                0.9676,
                0.9708
            ],
            "loss": [
                0.4508875424861908,
                0.2221966453433037,
                0.17811694974899292,
                0.14755110119581222,
                0.1307815029501915,
                0.11573055595904588,
                0.11027302739918232,
                0.0977341309428215,
                0.0966964012503624,
                0.08778401644229888,
                0.07136572684645653,
                0.07478370979614556,
                0.07019777532070876,
                0.07064654381424189,
                0.06685368074923753,
                0.06870315208286047,
                0.058026061756536365,
                0.053642692844197155,
                0.054340690329670906,
                0.04874281587041914,
                0.05400415441431105
            ],