{
    "outputs": [
        [
            0.1065640023112297,
            0.9662
        ],
        [
            0.102487650847435,
            0.9722
        ],
        [
            0.0878710262292996,
            0.9766
        ],
        [
            0.09801881481427699,
            0.9754
        ],
        [
            0.09114042612090707,
            0.9748
        ]
    ],
    "histories": [
        {
            "val_loss": [
                0.22539190359115602,
                0.17400694923400878,
                0.15168389175534247,
                0.151864435338974,
                0.12589650320410728,
                0.13660021767616273,
                0.11549120300933718,
                0.11701673754900693,
                0.11282935927808285,
                0.13179943163990973,
                0.1235445582812652,
                0.1065640023112297,
                0.11206627248506994,
                0.1193708237580955,
                0.12024627249073237,
                0.10686818364725914,
                0.13515802320688963,
                0.11678559900987893
            ],
            "val_acc": [
                0.9264,
                0.944,
                0.9512,
                0.9512,
                0.959,
                0.9562,
                0.962,
                0.9658,
                0.9638,
                0.9608,
                0.9598,
                0.9662,
                0.9654,
                0.9636,
                0.9638,
                0.9662,
                0.9584,
                0.9636
            ],
            "loss": [
                0.451821944975853,
                0.23905347051620485,
                0.18578504172563554,
                0.15353949918746948,
                0.13831337025761603,
                0.1294719472706318,
                0.11818124606013299,
                0.10228744350224733,
                0.10330563579797744,
                0.08665936743021012,
                0.09254886864423752,
                0.08361823751330376,
                0.07800329386666417,
                0.07299385296553373,
                0.07749860374704004,
                0.07139466347768902,
                0.06954322961568832,
                0.06508592647463084
            ],
            "acc": [
                0.8351,
                0.91755,
                0.9356,
                0.9471,
                0.9527,
                0.95545,
                0.9586,
                0.96555,
                0.96335,
                0.96925,
                0.9674,
                0.9704,
                0.9733,
                0.9741,
                0.97285,
                0.97565,
                0.97545,
                0.97815
            ]
        },
        {
            "val_loss": [
                0.21922115964889527,
                0.1695543570995331,
                0.1377328459739685,
                0.13340622985363007,
                0.11789110786914825,
                0.11504640648365021,
                0.12088404030799865,
                0.10855449759960174,
                0.10655906584262848,
                0.10540987938642501,
                0.10355794939994813,
                0.13189410610198973,
                0.11419515823721886,
                0.09916969017982483,
                0.102487650847435,
                0.10993853861093521,
                0.10786241491734981,
                0.11440810900330543,
                0.10743954254984855,
                0.11010591793060302,
                0.11510629260390996
            ],
            "val_acc": [
                0.9296,
                0.9454,
                0.9584,
                0.9576,
                0.9596,
                0.9654,
                0.9634,
                0.9648,
                0.966,
                0.9676,
                0.9696,
                0.9576,
                0.9662,
                0.971,
                0.9722,
                0.9682,
                0.971,
                0.9694,
                0.9712,
                0.9698,
                0.9714
            ],
            "loss": [
                0.4921107141971588,
                0.23810659475326537,
                0.18552353024482726,
                0.15627097101807594,
                0.1401477691859007,
                0.12225584273934365,
                0.11397431242465973,
                0.10247930685579777,
                0.0937051213145256,
                0.09275870496332646,
                0.08307196217179298,
                0.08583648240566254,
                0.07466037009507417,
                0.07111404784023762,
                0.07036596218943596,
                0.06781820043325425,
                0.06379035772643983,
                0.06262034947648644,
                0.06329332092516124,
                0.05801377993673086,
                0.055080269112065434
            ],
            "acc": [
                0.82125,
                0.9184,
                0.93695,
                0.9475,
                0.95065,
                0.95665,
                0.9612,
                0.9648,
                0.9664,
                0.9678,
                0.971,
                0.9701,
                0.97355,
                0.97545,
                0.97615,
                0.9776,
                0.9768,
                0.97815,
                0.9768,
                0.9792,
                0.97955
            ]
        },
        {
            "val_loss": [
                0.2150978300333023,
                0.1428227042734623,
                0.1159322153121233,
                0.11679257542490959,
                0.10062596814855933,
                0.10168730471134185,
                0.0918492221340537,
                0.09047044176086784,
                0.08932168313711882,
                0.09329119559712708,
                0.09447799412962049,
                0.09280869951099158,
                0.09128860241621732,
                0.10371192120760679,
                0.08784833199977875,
                0.08420626831855625,
                0.09536931230183691,
                0.0901003783384338,
                0.0900168990412727,
                0.09848084039287641,
                0.09988783108443022,
                0.09716009773612022,
                0.09308255172092468,
                0.08379636204186827,
                0.09462283342680894,
                0.09391649443684146,
                0.0878710262292996,
                0.09489875186365097,
                0.10055257736513741,
                0.11860536921781459,
                0.10908781300885603,
                0.11379473000392318,
                0.1097475131026702
            ],
            "val_acc": [
                0.9252,
                0.9516,
                0.9594,
                0.9602,
                0.9642,
                0.9628,
                0.9688,
                0.9698,
                0.9702,
                0.9684,
                0.9684,
                0.9688,
                0.9698,
                0.968,
                0.9718,
                0.9732,
                0.9708,
                0.9718,
                0.972,
                0.9702,
                0.9742,
                0.969,
                0.9724,
                0.975,
                0.9724,
                0.972,
                0.9766,
                0.9736,
                0.9748,
                0.968,
                0.972,
                0.9732,
                0.9738
            ],