{
    "outputs": [
        [
            0.0757722832299769,
            0.9775
        ],
        [
            0.08277137694507837,
            0.97825
        ],
        [
            0.0721529620559886,
            0.97825
        ],
        [
            0.07788299196364824,
            0.98025
        ],
        [
            0.05645623079419602,
            0.98125
        ]
    ],
    "histories": [
        {
            "val_loss": [
                0.20516799193620683,
                0.10779408588260413,
                0.10512182979285717,
                0.10216024236381054,
                0.086943983014673,
                0.07515772988274694,
                0.07257464875467122,
                0.07553770584613084,
                0.08125173118198291,
                0.0757722832299769,
                0.08895210054586641,
                0.09493234532733913,
                0.08174656395893544,
                0.07310391224757769,
                0.08745531268510967,
                0.08450208003316947
            ],
            "val_acc": [
                0.928,
                0.963,
                0.96425,
                0.96775,
                0.971,
                0.9705,
                0.973,
                0.9715,
                0.976,
                0.9775,
                0.97425,
                0.9715,
                0.97625,
                0.9775,
                0.975,
                0.976
            ],
            "loss": [
                0.33952696216851475,
                0.1667004669047892,
                0.13627459669020026,
                0.11540113279409707,
                0.09848379132477567,
                0.0864057278977707,
                0.08075871195015498,
                0.07332429016765672,
                0.07063355105672962,
                0.06605053976061753,
                0.06581810677982866,
                0.05676527439086931,
                0.05089056902279845,
                0.05289993044067524,
                0.053794060943764634,
                0.04816918443900067
            ],
            "acc": [
                0.8785625,
                0.944625,
                0.9539375,
                0.958125,
                0.9664375,
                0.9695625,
                0.97125,
                0.973125,
                0.974875,
                0.9749375,
                0.97525,
                0.9790625,
                0.9815625,
                0.9815625,
                0.9804375,
                0.9818125
            ]
        },
        {
            "val_loss": [
                0.17135109147429467,
                0.13065323679149152,
                0.11505535654723645,
                0.08413873286731541,
                0.08277753061056137,
                0.08837120759114624,
                0.07990189396170899,
                0.07800490357028321,
                0.08404700124450028,
                0.06868092964007519,
                0.09094727511360542,
                0.07220177875156514,
                0.07208514700632077,
                0.07958564198389649,
                0.08277137694507837,
                0.07566590746014845,
                0.0757045065854909,
                0.08407141420214612,
                0.07506710754536834,
                0.0820975683592842,
                0.06762875848441036
            ],
            "val_acc": [
                0.94,
                0.95375,
                0.9555,
                0.97025,
                0.972,
                0.965,
                0.97025,
                0.9735,
                0.97375,
                0.9765,
                0.97225,
                0.976,
                0.97425,
                0.97525,
                0.97825,
                0.97475,
                0.97625,
                0.97575,
                0.977,
                0.97625,
                0.9775
            ],
            "loss": [
                0.3465987885296345,
                0.17002697721868754,
                0.14254068347532303,
                0.11199643146246671,
                0.10377855180762709,
                0.09117396973771974,
                0.0835681521112565,
                0.07719765222340357,
                0.07361295469489414,
                0.06730105725245085,
                0.05979701404180378,
                0.059442667952622284,
                0.055103746087756006,
                0.05321136197492888,
                0.05307020845095394,
                0.05447111110232072,
                0.04390405041532358,
                0.04326548905033269,
                0.045214365712643485,
                0.04019672554657154,
                0.040881727050484186
            ],
            "acc": [
                0.8741875,
                0.94275,
                0.9518125,
                0.960875,
                0.96275,
                0.9663125,
                0.9695,
                0.97175,
                0.972,
                0.9754375,
                0.9771875,
                0.97775,
                0.9786875,
                0.9784375,
                0.980625,
                0.9804375,
                0.9843125,
                0.98375,
                0.98375,
                0.98475,
                0.985
            ]
        },
        {
            "val_loss": [
                0.16484059602022172,
                0.11053203490376473,
                0.10099346563220024,
                0.10088882578164339,
                0.08695583541691303,
                0.08507146238721908,
                0.08528300047572702,
                0.06999799274653197,
                0.08087110540375579,
                0.0721529620559886,
                0.08880002947896719,
                0.07719519410515203,
                0.07245193585380912,
                0.07285173749784007,
                0.07492289427565993,
                0.07477200121060014
            ],
            "val_acc": [
                0.949,
                0.963,
                0.967,
                0.968,
                0.972,
                0.9735,
                0.97,
                0.97525,
                0.97525,
                0.97825,
                0.97275,
                0.97425,
                0.97575,
                0.97675,
                0.97675,
                0.97725
            ],
            "loss": [
                0.37820347395539283,
                0.18134117792733015,
                0.14277746047824622,
                0.11677516199462115,
                0.11366253509558737,
                0.09328364859661087,
                0.08017203522648196,
                0.07705805064662127,
                0.0712198758488521,
                0.06667268218460959,
                0.0686280807988951,
                0.06835617239701969,
                0.06146426073927432,
                0.05732409829983953,
                0.05584623596240999,
                0.0518242736889224
            ],