{
    "outputs": [
        [
            0.3532792531442642,
            0.87551
        ],
        [
            0.3509914841175079,
            0.88099
        ]
    ],
    "histories": [
        {
            "val_loss": [
                0.5363194376564026,
                0.47639393474578856,
                0.43812138942718504,
                0.4193881674861908,
                0.4060887481689453,
                0.3950070726871491,
                0.3870197435665131,
                0.38121129829406736,
                0.3750737305259705,
                0.3776622135353088,
                0.372075892868042,
                0.36513705592155454,
                0.3648281429576874,
                0.36474701908111573,
                0.3668484792518616,
                0.3656807827377319,
                0.36044240046978,
                0.3631984560394287,
                0.3532792531442642,
                0.3610492662382126,
                0.36123060072422025,
                0.36269778237342837,
                0.3639163918924332,
                0.3638712857055664,
                0.3625033218383789
            ],
            "val_acc": [
                0.80105,
                0.82382,
                0.8394,
                0.84583,
                0.84984,
                0.85634,
                0.86081,
                0.86196,
                0.8638,
                0.86316,
                0.86587,
                0.86957,
                0.86984,
                0.86799,
                0.86964,
                0.86924,
                0.87259,
                0.87296,
                0.87551,
                0.8735,
                0.87251,
                0.87393,
                0.87198,
                0.87352,
                0.87356
            ],
            "loss": [
                0.7674338847351074,
                0.5893376948356629,
                0.5311314884471894,
                0.4968150049114227,
                0.47093462052345275,
                0.45213986575126647,
                0.4364811477518082,
                0.41967717126846316,
                0.4047212438392639,
                0.39831196575164796,
                0.38783141584396363,
                0.37760314103126524,
                0.36571005586624145,
                0.36376501343727113,
                0.3565500215435028,
                0.35007690813541414,
                0.3437617481327057,
                0.3367945852661133,
                0.3308847376489639,
                0.3299767458581924,
                0.3231049324989319,
                0.3179410685634613,
                0.31293615737915037,
                0.30892707147598264,
                0.30565671604156497
            ],
            "acc": [
                0.70454,
                0.77874,
                0.80038,
                0.81419,
                0.82364,
                0.82981,
                0.8359,
                0.84215,
                0.8491,
                0.85014,
                0.85416,
                0.85761,
                0.86123,
                0.86158,
                0.86405,
                0.86695,
                0.86984,
                0.87313,
                0.87434,
                0.87478,
                0.87669,
                0.87895,
                0.88072,
                0.88232,
                0.88329
            ]
        },
        {
            "val_loss": [
                0.5214106825637818,
                0.45717845792770384,
                0.42013617292404176,
                0.40734004630565646,
                0.39441058793067935,
                0.38053777901649477,
                0.37325295999526975,
                0.36716265937805176,
                0.36823826404571536,
                0.37169641974925993,
                0.3550932238197327,
                0.35912847849845886,
                0.3558687377166748,
                0.34955027994155885,
                0.3523528175401688,
                0.34806179105758667,
                0.35447049028873445,
                0.35229361723899844,
                0.34971258778095243,
                0.34806077457904816,
                0.3456374650001526,
                0.3548442296028137,
                0.34826038475990295,
                0.3552616039562225,
                0.3538623655557632,
                0.35373824186325076,
                0.35158292752742765,
                0.34834366600990296,
                0.35533969208240507,
                0.3531844580698013,
                0.3486149652147293,
                0.3597071871805191,
                0.35909964683532714,
                0.3509914841175079,
                0.36046301753520965,
                0.3627308693027496,
                0.3654031718635559,
                0.35622655618667604,
                0.36493714514255526,
                0.36325778645515444
            ],
            "val_acc": [
                0.80529,
                0.8308,
                0.84369,
                0.85087,
                0.85515,
                0.86183,
                0.86354,
                0.86667,
                0.86647,
                0.86597,
                0.87299,
                0.8713,
                0.87289,
                0.87555,
                0.87509,
                0.87665,
                0.87433,
                0.87679,
                0.87829,
                0.87823,
                0.87951,
                0.87956,
                0.87986,
                0.87953,
                0.87927,
                0.8768,
                0.87783,
                0.88049,
                0.87951,
                0.87824,
                0.87972,
                0.88017,
                0.87509,
                0.88099,
                0.87827,
                0.87772,
                0.87884,
                0.88042,
                0.87912,
                0.87898
            ],
            "loss": [
                0.7485066024017334,
                0.572507018585205,
                0.5162318013954162,
                0.4782028110122681,
                0.4501923365211487,
                0.4305220858478546,
                0.4175132845020294,
                0.40188904373168943,
                0.3894521390104294,
                0.37880336405277254,
                0.3725731867361069,
                0.3602799325656891,
                0.3541503469657898,
                0.34644418769836427,
                0.3399549677848816,
                0.33025500425815585,
                0.32958971364974976,
                0.3195359884738922,
                0.31513900724172594,
                0.311932827334404,
                0.30434235634803775,
                0.3007284700250626,
                0.2969361210346222,
                0.29323995311260226,
                0.28873888968467715,
                0.28554450485229493,
                0.28204139204740525,
                0.28023370009422305,
                0.2767387764835358,
                0.27570581595897675,
                0.2723172897005081,
                0.27213624735832215,
                0.26758850416660307,
                0.2661962595486641,
                0.2625921459698677,
                0.2617246870660782,
                0.25695403029918673,
                0.2576389904475212,
                0.25585418606996535,
                0.25138876322984693
            ],