{
    "outputs": [
        [
            0.3433395891189575,
            0.848
        ],
        [
            0.35254916977882383,
            0.839
        ],
        [
            0.3442645330429077,
            0.829
        ],
        [
            0.3402687554359436,
            0.835
        ]
    ],
    "histories": [
        {
            "val_loss": [
                0.6175303068161011,
                0.46267538285255433,
                0.4070529279708862,
                0.3707839150428772,
                0.36247609806060793,
                0.35470832777023314,
                0.36309779691696165,
                0.33612074637413025,
                0.34639138078689574,
                0.32965071296691895,
                0.35102961874008176,
                0.3297875165939331,
                0.32847158908843993,
                0.3368765645027161,
                0.3259177923202515,
                0.3258788878917694,
                0.324033412694931,
                0.3299031972885132,
                0.33120515298843384,
                0.3385076019763947,
                0.3585728919506073,
                0.32837940216064454,
                0.3433395891189575,
                0.3365811052322388,
                0.33477363443374636,
                0.3311939091682434,
                0.33021919775009156,
                0.365870911359787,
                0.3370761694908142
            ],
            "val_acc": [
                0.718,
                0.823,
                0.828,
                0.827,
                0.828,
                0.817,
                0.822,
                0.833,
                0.829,
                0.837,
                0.814,
                0.84,
                0.836,
                0.83,
                0.828,
                0.835,
                0.846,
                0.834,
                0.838,
                0.84,
                0.833,
                0.839,
                0.848,
                0.843,
                0.839,
                0.844,
                0.848,
                0.817,
                0.845
            ],
            "loss": [
                0.7765473232269288,
                0.568145959854126,
                0.4630959672927856,
                0.43380146312713624,
                0.394733939409256,
                0.38507473707199097,
                0.372327889919281,
                0.35513073873519896,
                0.3527267770767212,
                0.34443502032756806,
                0.3402268625497818,
                0.3351054747104645,
                0.3211945949792862,
                0.32605531096458434,
                0.31196251916885376,
                0.3036315478757024,
                0.30361057472229,
                0.28508843851089477,
                0.315564608335495,
                0.2861802752017975,
                0.2800720751285553,
                0.2822885890007019,
                0.2866289911270142,
                0.286589958190918,
                0.2767112586349249,
                0.2966459655761719,
                0.2564852715730667,
                0.26045568084716797,
                0.26029379725456236
            ],
            "acc": [
                0.567,
                0.685,
                0.77,
                0.787,
                0.816,
                0.815,
                0.816,
                0.819,
                0.823,
                0.828,
                0.825,
                0.823,
                0.824,
                0.833,
                0.834,
                0.853,
                0.85,
                0.848,
                0.834,
                0.854,
                0.857,
                0.856,
                0.851,
                0.843,
                0.846,
                0.854,
                0.862,
                0.862,
                0.858
            ]
        },
        {
            "val_loss": [
                0.5604168403148652,
                0.452522403717041,
                0.39306877470016477,
                0.37132504296302793,
                0.360738233089447,
                0.35254916977882383,
                0.36498881316185,
                0.34984709000587466,
                0.33788057255744935,
                0.346803085565567,
                0.33091542291641235,
                0.3365383415222168
            ],
            "val_acc": [
                0.63,
                0.765,
                0.825,
                0.809,
                0.813,
                0.839,
                0.805,
                0.818,
                0.838,
                0.831,
                0.837,
                0.825
            ],
            "loss": [
                0.7510952277183532,
                0.533904121875763,
                0.45868242502212525,
                0.4183827924728394,
                0.39824653100967405,
                0.3952344126701355,
                0.38486741065979,
                0.3775990016460419,
                0.35260169529914853,
                0.35593025636672976,
                0.3303710267543793,
                0.3288602366447449
            ],
            "acc": [
                0.619,
                0.715,
                0.771,
                0.803,
                0.82,
                0.803,
                0.803,
                0.818,
                0.822,
                0.829,
                0.832,
                0.831
            ]
        },
        {
            "val_loss": [
                0.5878605399131774,
                0.4460069580078125,
                0.38793763089179994,
                0.37162475275993345,
                0.36131953144073486,
                0.357808892250061,
                0.3745124247074127,
                0.3488748300075531,
                0.3554413499832153,
                0.34584566020965574,
                0.3442645330429077,
                0.3393982882499695,
                0.3438021152019501,
                0.33625603914260865,
                0.3492779350280762,
                0.34981315195560453,
                0.3434771642684937
            ],
            "val_acc": [
                0.677,
                0.755,
                0.808,
                0.811,
                0.816,
                0.819,
                0.798,
                0.819,
                0.819,
                0.825,
                0.829,
                0.82,
                0.824,
                0.827,
                0.827,
                0.824,
                0.824
            ],
            "loss": [
                0.7317316961288453,
                0.5310601406097412,
                0.4409400398731232,
                0.4258594365119934,
                0.38833224964141844,
                0.37016975235939026,
                0.36668256735801696,
                0.35865452218055727,
                0.3486987236738205,
                0.33218372559547427,
                0.34628977090120316,
                0.3268348317146301,
                0.3215305588245392,
                0.32314285802841186,
                0.3167541947364807,
                0.3075753445625305,
                0.30446572637557984
            ],