{
    "outputs": [
        [
            0.36829112219810484,
            0.825
        ],
        [
            0.36335732841491697,
            0.824
        ],
        [
            0.3312211136817932,
            0.85
        ],
        [
            0.36318480157852173,
            0.845
        ]
    ],
    "histories": [
        {
            "val_loss": [
                0.6513308634757996,
                0.5526089999675751,
                0.4656882042884827,
                0.42185519480705264,
                0.3995398030281067,
                0.39585391139984133,
                0.3797109065055847,
                0.3750325903892517,
                0.3779551992416382,
                0.36829112219810484,
                0.3680776424407959,
                0.36810942482948306,
                0.36292680811882017,
                0.3598319239616394,
                0.35767301058769224,
                0.3628708543777466
            ],
            "val_acc": [
                0.575,
                0.688,
                0.782,
                0.798,
                0.804,
                0.798,
                0.814,
                0.809,
                0.809,
                0.825,
                0.818,
                0.81,
                0.822,
                0.819,
                0.821,
                0.82
            ],
            "loss": [
                0.8601043529510498,
                0.6132377295494079,
                0.5169620757102966,
                0.46151173067092893,
                0.40597852516174315,
                0.3805925760269165,
                0.36656811714172366,
                0.3722277808189392,
                0.3576791105270386,
                0.36850687956809997,
                0.3579780855178833,
                0.35505143785476684,
                0.33006564939022065,
                0.3342996386885643,
                0.33296433436870576,
                0.3294802372455597
            ],
            "acc": [
                0.56,
                0.665,
                0.74,
                0.774,
                0.803,
                0.826,
                0.834,
                0.832,
                0.827,
                0.822,
                0.822,
                0.827,
                0.83,
                0.842,
                0.844,
                0.85
            ]
        },
        {
            "val_loss": [
                0.5932831335067749,
                0.4634190392494202,
                0.4249865071773529,
                0.40866262578964235,
                0.3943892991542816,
                0.37824298214912416,
                0.38520110964775084,
                0.3726948666572571,
                0.36512070608139036,
                0.36335732841491697,
                0.3669864168167114,
                0.36107629799842833,
                0.3690249032974243,
                0.36931142044067383,
                0.3641424312591553,
                0.3608318066596985
            ],
            "val_acc": [
                0.788,
                0.799,
                0.798,
                0.798,
                0.815,
                0.813,
                0.81,
                0.813,
                0.82,
                0.824,
                0.819,
                0.824,
                0.805,
                0.816,
                0.806,
                0.805
            ],
            "loss": [
                0.7946165471076966,
                0.5168373003005982,
                0.4789790725708008,
                0.41224734675884245,
                0.4176894083023071,
                0.38387691688537595,
                0.3648247616291046,
                0.3676828421354294,
                0.354047137260437,
                0.35716178131103515,
                0.34581828451156615,
                0.33407816338539126,
                0.33017252731323243,
                0.32889118361473085,
                0.33103106665611265,
                0.33305271983146667
            ],
            "acc": [
                0.599,
                0.752,
                0.759,
                0.809,
                0.794,
                0.812,
                0.827,
                0.827,
                0.815,
                0.82,
                0.829,
                0.839,
                0.841,
                0.832,
                0.823,
                0.836
            ]
        },
        {
            "val_loss": [
                0.5975139770507812,
                0.4818758640289307,
                0.4140626542568207,
                0.39485284566879275,
                0.3805077042579651,
                0.3605445873737335,
                0.35945522928237916,
                0.36636737966537475,
                0.35286579132080076,
                0.3528439078330994,
                0.3486399109363556,
                0.3420765542984009,
                0.35128936409950257,
                0.34105119371414183,
                0.341564112663269,
                0.34147158432006836,
                0.342720418214798,
                0.34144859719276427,
                0.3363893427848816,
                0.3371109592914581,
                0.3424931902885437,
                0.3400183048248291,
                0.34240487694740296,
                0.3312211136817932,
                0.3299997277259827,
                0.32855006408691406,
                0.332024881362915,
                0.33478204226493835,
                0.3355887503623962,
                0.32806490659713744
            ],
            "val_acc": [
                0.593,
                0.719,
                0.826,
                0.825,
                0.821,
                0.832,
                0.822,
                0.814,
                0.833,
                0.827,
                0.833,
                0.831,
                0.821,
                0.834,
                0.833,
                0.831,
                0.831,
                0.826,
                0.846,
                0.844,
                0.821,
                0.849,
                0.84,
                0.85,
                0.85,
                0.847,
                0.85,
                0.841,
                0.834,
                0.849
            ],
            "loss": [
                0.7238954772949219,
                0.5474531116485596,
                0.4746767282485962,
                0.4567245817184448,
                0.4225914511680603,
                0.4153317439556122,
                0.38160105752944945,
                0.38892719674110415,
                0.3838525252342224,
                0.3731250286102295,
                0.3651806035041809,
                0.3553915364742279,
                0.3500639510154724,
                0.3479327523708344,
                0.34423486089706423,
                0.33959818786382673,
                0.33742738580703735,
                0.33676838159561157,
                0.33035407090187074,
                0.31373275589942934,
                0.329374059677124,
                0.32931451630592345,
                0.3162257772684097,
                0.3146655247211456,
                0.3087292056083679,
                0.3089671397209168,
                0.30945413327217103,
                0.30679007732868196,
                0.29281747102737427,
                0.3037357587814331
            ],