{
    "outputs": [
        [
            0.036794707226799804,
            0.9904
        ],
        [
            0.032739946250244976,
            0.9908
        ],
        [
            0.03567738923430443,
            0.9904
        ],
        [
            0.04944497215296142,
            0.9878
        ],
        [
            0.04267276666490361,
            0.9896
        ]
    ],
    "histories": [
        {
            "val_loss": [
                0.08284784474372864,
                0.06349407832622528,
                0.043859939646720886,
                0.045446701681613924,
                0.042431007766723636,
                0.059379518954455854,
                0.04718715060725808,
                0.050332049683481456,
                0.04776325585693121,
                0.049495167503505945,
                0.04866321557778865,
                0.04037345625152811,
                0.05072604356389493,
                0.04726590647567064,
                0.04835579800866544,
                0.036794707226799804,
                0.05218845321065746,
                0.09442246426604688,
                0.047972501224232834,
                0.06625778829323827,
                0.056073321049148216,
                0.051664463402936234
            ],
            "val_acc": [
                0.9742,
                0.977,
                0.986,
                0.9836,
                0.9854,
                0.9812,
                0.9864,
                0.986,
                0.9852,
                0.986,
                0.9872,
                0.989,
                0.9884,
                0.986,
                0.9862,
                0.9904,
                0.9888,
                0.9812,
                0.99,
                0.9866,
                0.9866,
                0.9892
            ],
            "loss": [
                0.29255880292654035,
                0.09864536476135254,
                0.0703926052197814,
                0.056677571362257005,
                0.045216577980481086,
                0.03992053599320352,
                0.03587555568387033,
                0.02975114246774465,
                0.03231197824329138,
                0.030319755391124636,
                0.02815151477223262,
                0.022363223782414572,
                0.024073492173687556,
                0.021848158005205915,
                0.01924508144442225,
                0.02097708605043008,
                0.02256743805053411,
                0.018458293402113485,
                0.013409686879059883,
                0.017908088543941266,
                0.017580700327440718,
                0.018762856235921208
            ],
            "acc": [
                0.89625,
                0.96805,
                0.9771,
                0.98105,
                0.9853,
                0.98635,
                0.988,
                0.99,
                0.9894,
                0.9904,
                0.99055,
                0.99315,
                0.99175,
                0.9932,
                0.9935,
                0.9935,
                0.9931,
                0.9935,
                0.99505,
                0.99445,
                0.99455,
                0.9944
            ]
        },
        {
            "val_loss": [
                0.10227281736135482,
                0.07394791073799133,
                0.05031296762377024,
                0.0410565504539758,
                0.04186354401409626,
                0.04941777724176645,
                0.047616593627328986,
                0.04909905325137079,
                0.04436732191015035,
                0.032739946250244976,
                0.0465956839967519,
                0.03979663764745928,
                0.03950709247877821,
                0.04844976822920143,
                0.06785451527313272,
                0.05757327675472188
            ],
            "val_acc": [
                0.9648,
                0.9778,
                0.9812,
                0.986,
                0.9872,
                0.9836,
                0.9858,
                0.9852,
                0.9876,
                0.9908,
                0.9878,
                0.9894,
                0.9908,
                0.9864,
                0.985,
                0.9858
            ],
            "loss": [
                0.28736033593416216,
                0.10355298755168915,
                0.07284729377329349,
                0.05642231048643589,
                0.049262110310792924,
                0.04149719737246633,
                0.03823042143620551,
                0.03748520204667002,
                0.031003181389719248,
                0.03302715797415003,
                0.029409259429760276,
                0.021251544830936473,
                0.022809442901425062,
                0.022602092322404496,
                0.017734298923844472,
                0.022179604272107828
            ],
            "acc": [
                0.8964,
                0.9666,
                0.97485,
                0.9811,
                0.98285,
                0.985,
                0.9878,
                0.9881,
                0.98985,
                0.9893,
                0.99075,
                0.99245,
                0.9926,
                0.9927,
                0.9938,
                0.99325
            ]
        },
        {
            "val_loss": [
                0.09887445533871651,
                0.05138633338212967,
                0.05471188002228737,
                0.0485979007512331,
                0.04363806033730507,
                0.04451568442371208,
                0.05746293872315437,
                0.046255020593781955,
                0.03567738923430443,
                0.03906840117005631,
                0.045518316216733364,
                0.04267850541658699,
                0.04277680625049397,
                0.04186728560000192,
                0.04885432570720441
            ],
            "val_acc": [
                0.969,
                0.9834,
                0.9838,
                0.9852,
                0.9868,
                0.988,
                0.9836,
                0.9878,
                0.9904,
                0.9902,
                0.987,
                0.9882,
                0.9882,
                0.9886,
                0.9892
            ],
            "loss": [
                0.2883047472655773,
                0.09416026864498854,
                0.07153337184339761,
                0.05395004729256034,
                0.04296786225810647,
                0.03681866612415761,
                0.0431688158435747,
                0.03633440371928737,
                0.030191094368323682,
                0.03073015575069003,
                0.027880139058735223,
                0.02147075098346104,
                0.024551573842903598,
                0.018205428803153335,
                0.019871677467064
            ],
            "acc": [
                0.8977,
                0.9677,
                0.977,
                0.98225,
                0.9857,
                0.98695,
                0.98565,
                0.9882,
                0.9896,
                0.9895,
                0.9905,
                0.99405,
                0.9926,
                0.9933,
                0.9935
            ]
        },
        {
            "val_loss": [
                0.11969219255149365,
                0.06211727835759521,
                0.052599199049081655,
                0.047150937485613394,
                0.04944497215296142,
                0.05376163252503611,
                0.05758450845764019,
                0.06252676028992354,
                0.05251508900346234,
                0.0642522772737575,
                0.061092891451834296
            ],