{
    "outputs": [
        [
            0.052878499094664584,
            0.992
        ],
        [
            0.03008532737493515,
            0.9916
        ],
        [
            0.04813635089784511,
            0.9906
        ],
        [
            0.0333772561927326,
            0.9914
        ],
        [
            0.05319882520600258,
            0.9896
        ]
    ],
    "histories": [
        {
            "val_loss": [
                0.09077551562786103,
                0.0663584576010704,
                0.05617443699836731,
                0.04130161062180996,
                0.03823795767426491,
                0.03950073004215956,
                0.05140775034055114,
                0.03745323374979198,
                0.035305125145986674,
                0.03849935852959752,
                0.03378266351744533,
                0.033659334997832774,
                0.04033374291174114,
                0.0380278553429991,
                0.053044664845615624,
                0.0404121390619548,
                0.052878499094664584,
                0.0525897147317417,
                0.054913753571617416,
                0.04025374328522011,
                0.038218125182483347,
                0.04253527449767571,
                0.04158401197746862
            ],
            "val_acc": [
                0.9702,
                0.979,
                0.983,
                0.9858,
                0.988,
                0.985,
                0.9882,
                0.9892,
                0.9902,
                0.99,
                0.9886,
                0.9908,
                0.9902,
                0.9914,
                0.9886,
                0.9882,
                0.992,
                0.9894,
                0.9892,
                0.9906,
                0.9908,
                0.9918,
                0.9906
            ],
            "loss": [
                0.3674755852341652,
                0.12869500378370285,
                0.08805178702995181,
                0.07659483517557382,
                0.06773731207102537,
                0.050101814787089825,
                0.04701046105530113,
                0.0430997552265646,
                0.037871206209808585,
                0.03282821649424732,
                0.03678980460632592,
                0.032936260490119454,
                0.030992307730624453,
                0.028051535423472523,
                0.031622212647926064,
                0.02043083666076418,
                0.02428584519806318,
                0.023375215142942034,
                0.02435767354526324,
                0.026186529145453823,
                0.02202656144291104,
                0.018583161883917638,
                0.021145640504662878
            ],
            "acc": [
                0.8686,
                0.9572,
                0.97,
                0.97505,
                0.97815,
                0.98325,
                0.98315,
                0.9848,
                0.98695,
                0.98815,
                0.98855,
                0.98955,
                0.98965,
                0.99005,
                0.9904,
                0.9928,
                0.99165,
                0.9918,
                0.99235,
                0.9906,
                0.99215,
                0.99405,
                0.9937
            ]
        },
        {
            "val_loss": [
                0.08802953848838806,
                0.05932935764789581,
                0.056710014310479166,
                0.038542109440267085,
                0.05168761201202869,
                0.0418157788336277,
                0.03440827917084098,
                0.04144849705323577,
                0.06773890882125125,
                0.03008532737493515,
                0.03851974233314395,
                0.054051109823212026,
                0.04500666893012822,
                0.03747057558465749,
                0.06126175282266922,
                0.038604554734076375
            ],
            "val_acc": [
                0.9724,
                0.9798,
                0.983,
                0.987,
                0.9828,
                0.988,
                0.9892,
                0.9876,
                0.9868,
                0.9916,
                0.9896,
                0.9856,
                0.9882,
                0.9904,
                0.9866,
                0.9908
            ],
            "loss": [
                0.3132181091785431,
                0.09544110082238913,
                0.07226945575177669,
                0.05815797008052468,
                0.046369391822814944,
                0.037263605354726316,
                0.04011638148389757,
                0.03102868611915037,
                0.027228727385681124,
                0.025948915851861237,
                0.028790226055472157,
                0.023793439296784347,
                0.02230815964282956,
                0.019196086804388324,
                0.021350181901815812,
                0.016870951007399708
            ],
            "acc": [
                0.888,
                0.96955,
                0.97535,
                0.98065,
                0.98535,
                0.98745,
                0.98745,
                0.98975,
                0.991,
                0.991,
                0.9905,
                0.9917,
                0.9917,
                0.99285,
                0.99335,
                0.9944
            ]
        },
        {
            "val_loss": [
                0.10270937413275241,
                0.07265390790104866,
                0.046793011377751825,
                0.04425984491892159,
                0.04897472428902984,
                0.048092190927919,
                0.04127056372696534,
                0.04252823920479277,
                0.0451351965630427,
                0.044890603901073335,
                0.05292801964977407,
                0.04125500169405714,
                0.057623570966260744,
                0.046689307848899624,
                0.04813635089784511,
                0.06684946290548542,
                0.05327532024318352,
                0.04732296795635484,
                0.05086720543992706,
                0.05198263697910879,
                0.05413256089651404
            ],
            "val_acc": [
                0.9648,
                0.9756,
                0.9868,
                0.986,
                0.9852,
                0.9866,
                0.9884,
                0.9876,
                0.9886,
                0.9878,
                0.9882,
                0.99,
                0.9874,
                0.9896,
                0.9906,
                0.9864,
                0.9874,
                0.988,
                0.9896,
                0.99,
                0.9898
            ],
            "loss": [
                0.3110542983353138,
                0.10623670481443405,
                0.06727294695079326,
                0.057669952841848136,
                0.04573281851802021,
                0.03994728142768145,
                0.03259465465862304,
                0.030265792887005954,
                0.03358653240548447,
                0.02971338407024741,
                0.02174090040405281,
                0.023241437028988732,
                0.025559635295765475,
                0.023727713427215347,
                0.02576267697007861,
                0.015967694952746386,
                0.02032201707919594,
                0.015555364922131412,
                0.015284895610937384,
                0.015272177353379084,
                0.019046231913223164
            ],