{
    "outputs": [
        [
            0.035476450641825794,
            0.99
        ],
        [
            0.03841801755855558,
            0.9892
        ],
        [
            0.051575761661212895,
            0.9896
        ],
        [
            0.05270498885274865,
            0.9908
        ],
        [
            0.025477168842079116,
            0.9924
        ]
    ],
    "histories": [
        {
            "val_loss": [
                0.07918990959525109,
                0.08540382367372513,
                0.05270455328822136,
                0.04471238439977169,
                0.044874246674776075,
                0.041669265501201154,
                0.035476450641825794,
                0.038577361069619655,
                0.04281112306844443,
                0.05000397620499134,
                0.04255532582746819,
                0.05094708279860206,
                0.052996485370164735
            ],
            "val_acc": [
                0.9742,
                0.9688,
                0.9814,
                0.9882,
                0.9854,
                0.9862,
                0.99,
                0.9892,
                0.9878,
                0.987,
                0.9892,
                0.9884,
                0.9886
            ],
            "loss": [
                0.27281841178536415,
                0.10009176108837127,
                0.06517224906384946,
                0.05063423581793904,
                0.04512578449063003,
                0.04808896747455001,
                0.03354721623118967,
                0.02838070787731558,
                0.02810749320294708,
                0.021982131884014235,
                0.023118553558242275,
                0.02011104723820463,
                0.024052258520643226
            ],
            "acc": [
                0.9037,
                0.96565,
                0.9784,
                0.98285,
                0.9851,
                0.98375,
                0.9893,
                0.99115,
                0.991,
                0.9928,
                0.99235,
                0.99345,
                0.9918
            ]
        },
        {
            "val_loss": [
                0.12230825913846492,
                0.07758631066679955,
                0.05934649685285986,
                0.049224226329661905,
                0.04605003805011511,
                0.03906718689789995,
                0.05693632945215795,
                0.0507299399481155,
                0.037255264916588204,
                0.04140491798917065,
                0.0460236256104894,
                0.04874846906520397,
                0.05866485278915207,
                0.03841801755855558,
                0.050947678298969006,
                0.055661763299513174,
                0.05289069767696838,
                0.06051807685772228,
                0.06077082578600966,
                0.05441575314960355
            ],
            "val_acc": [
                0.9614,
                0.9754,
                0.9814,
                0.9826,
                0.9844,
                0.9878,
                0.9828,
                0.9832,
                0.988,
                0.987,
                0.9864,
                0.9866,
                0.985,
                0.9892,
                0.9874,
                0.9868,
                0.9864,
                0.9872,
                0.9854,
                0.9878
            ],
            "loss": [
                0.3287960299730301,
                0.10613828200101852,
                0.0807069014877081,
                0.06414519691467285,
                0.05423964475914836,
                0.05341545331403613,
                0.03842491490598768,
                0.03418728267289698,
                0.028186382201407106,
                0.03172318768054247,
                0.03297349285995588,
                0.022418290267838165,
                0.03104712571905693,
                0.02448582174498588,
                0.02244546442468418,
                0.02432413308778778,
                0.022780894827848532,
                0.02639854069573339,
                0.02036641546639148,
                0.017795664506599133
            ],
            "acc": [
                0.8841,
                0.96405,
                0.972,
                0.97845,
                0.98245,
                0.9821,
                0.98645,
                0.9885,
                0.9904,
                0.9895,
                0.98805,
                0.99285,
                0.99015,
                0.99245,
                0.9924,
                0.99275,
                0.9928,
                0.99135,
                0.99325,
                0.9944
            ]
        },
        {
            "val_loss": [
                0.09633327705860138,
                0.05995919326543808,
                0.05750270214676857,
                0.05339950159713626,
                0.053025083158910274,
                0.05587061852812767,
                0.06238250363934785,
                0.04766625485643745,
                0.053795173128321765,
                0.06323055579289794,
                0.047819460462033746,
                0.055866236544586716,
                0.051575761661212895,
                0.05195675552180037,
                0.05345242283171974,
                0.05273687279401347,
                0.053451097642583774,
                0.047160483073670184,
                0.054283348260770435
            ],
            "val_acc": [
                0.9702,
                0.9804,
                0.9828,
                0.983,
                0.9842,
                0.9842,
                0.9834,
                0.9888,
                0.9856,
                0.9852,
                0.9878,
                0.9872,
                0.9896,
                0.9872,
                0.9862,
                0.9876,
                0.9882,
                0.9896,
                0.9884
            ],
            "loss": [
                0.3008018087804317,
                0.10659140132069587,
                0.07069666172415018,
                0.05613446416035295,
                0.048371994967013596,
                0.0394269332125783,
                0.041190313557349145,
                0.03455474041653797,
                0.033909981640428306,
                0.024641905976226553,
                0.0252399954511784,
                0.02114777668491006,
                0.021788805858767593,
                0.02478315309455502,
                0.022388684579374967,
                0.020940772268749425,
                0.02780379219385795,
                0.019569345074426384,
                0.02068311561747105
            ],