{
    "outputs": [
        [
            0.03790132226013957,
            0.9888
        ],
        [
            0.04245755359106697,
            0.9882
        ],
        [
            0.04044233427663712,
            0.9884
        ],
        [
            0.04146615848205984,
            0.9882
        ],
        [
            0.05278001357768662,
            0.9882
        ]
    ],
    "histories": [
        {
            "val_loss": [
                0.13734660118073225,
                0.07927517848312855,
                0.07062189348218963,
                0.05937763203755021,
                0.04844135333346203,
                0.05872866722663166,
                0.04291489677948412,
                0.041658170971577056,
                0.04584975390930777,
                0.047008939234213905,
                0.04251183048190433,
                0.045612507442105564,
                0.04576225607977831,
                0.05097181008345797,
                0.04782002146877558,
                0.04775762589267215,
                0.04071458246219554,
                0.046746824143988126,
                0.03790132226013957,
                0.08945731486075094,
                0.04079114009831219,
                0.042249458155228785,
                0.04463039154769031,
                0.04576653314565788,
                0.08230423755771972
            ],
            "val_acc": [
                0.9526,
                0.9726,
                0.9762,
                0.9788,
                0.9846,
                0.9816,
                0.9856,
                0.9854,
                0.9846,
                0.985,
                0.9858,
                0.985,
                0.9858,
                0.9854,
                0.9854,
                0.987,
                0.9874,
                0.9864,
                0.9888,
                0.9796,
                0.9884,
                0.9886,
                0.9882,
                0.988,
                0.984
            ],
            "loss": [
                0.4302385439872742,
                0.16423713904619217,
                0.11570651310384274,
                0.09058479291796684,
                0.07856134795844555,
                0.06716511408686637,
                0.058475445690751075,
                0.04863987121209502,
                0.048515309715270995,
                0.0447391051504761,
                0.04280806217938662,
                0.03960848103519529,
                0.034035466196388,
                0.02908139427192509,
                0.03459697611704469,
                0.03165330062888097,
                0.029213136786688118,
                0.030662859718920663,
                0.0278742869685404,
                0.023927202541660517,
                0.023542914316244425,
                0.023520822272676743,
                0.02189515771752922,
                0.024750219292985275,
                0.020074868151615372
            ],
            "acc": [
                0.8429,
                0.9446,
                0.9604,
                0.96925,
                0.9753,
                0.9768,
                0.9798,
                0.98335,
                0.9836,
                0.9854,
                0.9853,
                0.9861,
                0.9888,
                0.99055,
                0.98885,
                0.98935,
                0.99085,
                0.9889,
                0.99145,
                0.9924,
                0.9926,
                0.9925,
                0.99255,
                0.9924,
                0.99365
            ]
        },
        {
            "val_loss": [
                0.14029434971809387,
                0.10079902254343033,
                0.06762554564476013,
                0.06545814966261387,
                0.0541043143004179,
                0.049551955872774125,
                0.04489462476018816,
                0.04530812031142414,
                0.04945340012088418,
                0.051227292680740354,
                0.04277704051416367,
                0.04245755359106697,
                0.04836916045993567,
                0.06360507097300142,
                0.0460911134053953,
                0.046577212822437285,
                0.050873640159145,
                0.05206217091295402
            ],
            "val_acc": [
                0.9532,
                0.967,
                0.9782,
                0.978,
                0.981,
                0.9854,
                0.9844,
                0.9862,
                0.9832,
                0.9834,
                0.9876,
                0.9882,
                0.9864,
                0.9814,
                0.9866,
                0.9876,
                0.9862,
                0.9844
            ],
            "loss": [
                0.4768796220064163,
                0.17264337058067322,
                0.11833983564972878,
                0.0982562775015831,
                0.08348111888170243,
                0.06914018059074879,
                0.06238773873522878,
                0.05288564815632999,
                0.04983074592500925,
                0.047725500551611184,
                0.04765157664641738,
                0.03632410753834993,
                0.04229617974758148,
                0.03652972191497684,
                0.03539414644390344,
                0.030053119492996484,
                0.028914403689606114,
                0.02859027091737371
            ],
            "acc": [
                0.82215,
                0.94065,
                0.9607,
                0.9676,
                0.9725,
                0.97575,
                0.97915,
                0.9819,
                0.98395,
                0.9848,
                0.9841,
                0.98655,
                0.9856,
                0.988,
                0.98755,
                0.99015,
                0.9899,
                0.99015
            ]
        },
        {
            "val_loss": [
                0.13780162180662156,
                0.09411707419157028,
                0.06681722444742919,
                0.05854957099035382,
                0.06024561696965247,
                0.06267830989602953,
                0.04478819166216999,
                0.05449326667264104,
                0.04523831769321114,
                0.0523615469556069,
                0.041934419753355906,
                0.06740036258086621,
                0.04454321879440395,
                0.04268965770516079,
                0.04044233427663712,
                0.044414124843617904,
                0.0427208755816333,
                0.04159215841942787,
                0.04593091458643321,
                0.04698916478054598,
                0.059936746907259655
            ],
            "val_acc": [
                0.9568,
                0.9684,
                0.98,
                0.9816,
                0.9808,
                0.978,
                0.9844,
                0.9822,
                0.9848,
                0.982,
                0.9852,
                0.9824,
                0.987,
                0.987,
                0.9884,
                0.9858,
                0.9868,
                0.9862,
                0.9852,
                0.9852,
                0.9858
            ],