{
    "outputs": [
        [
            0.03236463625263423,
            0.9914
        ],
        [
            0.059719188785087314,
            0.9886
        ],
        [
            0.053653407334908844,
            0.989
        ],
        [
            0.04527268015073223,
            0.9878
        ],
        [
            0.060637099350430095,
            0.9874
        ]
    ],
    "histories": [
        {
            "val_loss": [
                0.08231341519355774,
                0.05258562723398209,
                0.03880427379012108,
                0.037437215411663054,
                0.04549428603947163,
                0.046642907442897556,
                0.046795807313919066,
                0.040778498844150454,
                0.03236463625263423,
                0.043981672549247744,
                0.03771697633406147,
                0.04546461158781313,
                0.04436747410381213,
                0.04223481222968548,
                0.0375041081066709
            ],
            "val_acc": [
                0.9748,
                0.9834,
                0.9878,
                0.9874,
                0.9876,
                0.9868,
                0.9848,
                0.9902,
                0.9914,
                0.9888,
                0.9896,
                0.9904,
                0.9898,
                0.9878,
                0.9908
            ],
            "loss": [
                0.2928055538654327,
                0.09114826226532459,
                0.06327732931151986,
                0.04640561030246317,
                0.034699013854190705,
                0.03064492553137243,
                0.029808328124973922,
                0.0257951013979502,
                0.027533322487538682,
                0.020493346928386016,
                0.022619021165021694,
                0.012913831529824529,
                0.014145670174213592,
                0.02079321548247244,
                0.01919771274286759
            ],
            "acc": [
                0.89755,
                0.96955,
                0.97885,
                0.9839,
                0.98885,
                0.9898,
                0.9893,
                0.99135,
                0.9912,
                0.9926,
                0.99295,
                0.9957,
                0.9949,
                0.9933,
                0.99345
            ]
        },
        {
            "val_loss": [
                0.09093620923757553,
                0.07876737767457961,
                0.06617273262143135,
                0.05114650705829263,
                0.06980215952545404,
                0.05944386549219489,
                0.06381438790094107,
                0.06784283864665777,
                0.05833442791244015,
                0.05779386947546154,
                0.08198406148417853,
                0.0688061884178198,
                0.06353251357963309,
                0.06367729508318007,
                0.0781281487877015,
                0.06229401355895679,
                0.05730064668653067,
                0.0709080057425279,
                0.0772355129808304,
                0.07788998478759313,
                0.059719188785087314,
                0.07184908307092264,
                0.0625874189321301,
                0.06297251482572173,
                0.08136724548517668,
                0.0837157668701897,
                0.11129155806724393
            ],
            "val_acc": [
                0.9734,
                0.975,
                0.9792,
                0.9836,
                0.9816,
                0.984,
                0.9836,
                0.984,
                0.9846,
                0.9854,
                0.9834,
                0.9848,
                0.9852,
                0.9854,
                0.9842,
                0.9868,
                0.9872,
                0.9866,
                0.985,
                0.9856,
                0.9886,
                0.986,
                0.9886,
                0.9876,
                0.9872,
                0.9884,
                0.9844
            ],
            "loss": [
                0.31349270415902136,
                0.09505948446691036,
                0.06760303834825754,
                0.05276806519702077,
                0.03752363868979737,
                0.03514988288916648,
                0.02525472149173729,
                0.02488769270735793,
                0.027690653078956528,
                0.02094824117505923,
                0.022102267365029547,
                0.019276818639051636,
                0.019607953889592317,
                0.016058388580795144,
                0.015549287039818591,
                0.021889967874606373,
                0.0162136086796585,
                0.015332375254076033,
                0.013191949067515816,
                0.01756939336389769,
                0.011466516534974653,
                0.013828227374547714,
                0.018524777406128852,
                0.012676883201437523,
                0.013524337980013025,
                0.011696535713309277,
                0.014932304256614952
            ],
            "acc": [
                0.8911,
                0.96955,
                0.9774,
                0.9819,
                0.9876,
                0.98845,
                0.99195,
                0.9914,
                0.99175,
                0.9934,
                0.99295,
                0.9939,
                0.9944,
                0.99435,
                0.99595,
                0.99325,
                0.99475,
                0.9951,
                0.9962,
                0.99515,
                0.9963,
                0.9959,
                0.99435,
                0.99575,
                0.99625,
                0.9967,
                0.9956
            ]
        },
        {
            "val_loss": [
                0.11356356226205826,
                0.07408285813629627,
                0.06142640483677387,
                0.06008104073107243,
                0.053653407334908844,
                0.04617974417023361,
                0.05317194961048663,
                0.06454395216703415,
                0.05237788952514529,
                0.05626482609175146,
                0.05171434832948726
            ],
            "val_acc": [
                0.9636,
                0.98,
                0.9832,
                0.9846,
                0.989,
                0.9884,
                0.9848,
                0.981,
                0.9886,
                0.9864,
                0.9886
            ],
            "loss": [
                0.3047588974714279,
                0.0977448155939579,
                0.06927874195873737,
                0.050260898845270276,
                0.03985840531140566,
                0.03817240934595466,
                0.02840405216231011,
                0.02974021387519315,
                0.024948928530339618,
                0.024691158343991264,
                0.023735519730646047
            ],
            "acc": [
                0.8935,
                0.96795,
                0.9763,
                0.98285,
                0.9865,
                0.98745,
                0.99045,
                0.99025,
                0.99215,
                0.9923,
                0.9935
            ]
        },
        {
            "val_loss": [
                0.09917202085778117,
                0.07602496546953917,
                0.05649118974464946,
                0.054239025321416556,
                0.05336284933497081,
                0.057374438112054484,
                0.051377000545746704,
                0.04527268015073223,
                0.05494276208545198,
                0.05879846072495693,
                0.0613643351111954,
                0.04988216837112323,
                0.047864977284800284,
                0.05860901902522894
            ],