{
    "outputs": [
        [
            0.04258827117756009,
            0.9886
        ],
        [
            0.037478747899085285,
            0.9914
        ],
        [
            0.03896002189092833,
            0.9904
        ],
        [
            0.043704830296250295,
            0.989
        ],
        [
            0.037032190184295176,
            0.9918
        ]
    ],
    "histories": [
        {
            "val_loss": [
                0.1125972879588604,
                0.06716694892197847,
                0.069082099711895,
                0.05279973252415657,
                0.04258827117756009,
                0.06487222232241184,
                0.04348791730003432,
                0.041490462881699205,
                0.04899755476818536,
                0.04837086826115847,
                0.05876981138489209
            ],
            "val_acc": [
                0.9666,
                0.9788,
                0.9782,
                0.9844,
                0.9886,
                0.9828,
                0.9872,
                0.9878,
                0.9862,
                0.9872,
                0.9856
            ],
            "loss": [
                0.4847024630308151,
                0.15791897048950196,
                0.111771903860569,
                0.09340882735848427,
                0.07615758023411036,
                0.06902286206036806,
                0.06474522326737642,
                0.0583513070486486,
                0.04678622178807855,
                0.05069006930179894,
                0.0440764154038392
            ],
            "acc": [
                0.81875,
                0.9476,
                0.96385,
                0.9691,
                0.97325,
                0.9763,
                0.97805,
                0.9807,
                0.9838,
                0.98305,
                0.9843
            ]
        },
        {
            "val_loss": [
                0.10184044698476791,
                0.07389868196845055,
                0.06704187022894621,
                0.050339753419160846,
                0.04697379937618971,
                0.05129512346610427,
                0.038871809835731984,
                0.04116847348921001,
                0.038637646628543736,
                0.04332696750611067,
                0.04509360833838582,
                0.04445878888517618,
                0.04268482244033366,
                0.0392871433426626,
                0.038449546083016324,
                0.03880956380390562,
                0.03900842561519239,
                0.04492356569189578,
                0.03740631192573346,
                0.04131533026173711,
                0.045688601813232525,
                0.03552117887157947,
                0.037478747899085285,
                0.03655627178056166,
                0.038633901538859934,
                0.05166537288809195,
                0.05262995553291767,
                0.042016756620677186,
                0.04456442238401942
            ],
            "val_acc": [
                0.9652,
                0.9758,
                0.9786,
                0.9836,
                0.9864,
                0.9866,
                0.987,
                0.987,
                0.9872,
                0.988,
                0.9872,
                0.9854,
                0.988,
                0.9902,
                0.9882,
                0.9878,
                0.9904,
                0.9884,
                0.9904,
                0.9896,
                0.9894,
                0.9906,
                0.9914,
                0.9902,
                0.9904,
                0.987,
                0.9888,
                0.991,
                0.99
            ],
            "loss": [
                0.4647300215244293,
                0.13083602861762048,
                0.10123135856986046,
                0.08222642372250558,
                0.06382748099863529,
                0.05931178852841258,
                0.05716922589186579,
                0.04592356458604336,
                0.045875344781950114,
                0.04199334178455174,
                0.038713638618960974,
                0.0366512964268215,
                0.0319274112554267,
                0.03005363937076181,
                0.026861047602258624,
                0.031776291195116935,
                0.022547637367225253,
                0.027414488527248614,
                0.02530702385986224,
                0.027500768881058322,
                0.023760468756593763,
                0.03455993021898903,
                0.025307182609429584,
                0.022280559102864937,
                0.019303777221846393,
                0.023261541219986977,
                0.016466928191116312,
                0.020497985073999733,
                0.019752077049791116
            ],
            "acc": [
                0.83105,
                0.95525,
                0.96495,
                0.973,
                0.97825,
                0.9807,
                0.9809,
                0.9844,
                0.9846,
                0.9857,
                0.9869,
                0.9877,
                0.98935,
                0.989,
                0.9908,
                0.9891,
                0.9923,
                0.9899,
                0.991,
                0.9907,
                0.9921,
                0.9891,
                0.99165,
                0.9924,
                0.99295,
                0.9919,
                0.9945,
                0.993,
                0.99315
            ]
        },
        {
            "val_loss": [
                0.08660819399394094,
                0.06194370765099302,
                0.06187829819098115,
                0.0499550796227064,
                0.038615733890482805,
                0.03719122804174549,
                0.04323810423985706,
                0.03896002189092833,
                0.03574744336327421,
                0.03898430028243456,
                0.04184121455178174,
                0.04735367944914142,
                0.03201554049666374,
                0.039518611225116365
            ],
            "val_acc": [
                0.9748,
                0.9806,
                0.9796,
                0.9846,
                0.987,
                0.9874,
                0.9868,
                0.9904,
                0.9902,
                0.9886,
                0.9886,
                0.9864,
                0.99,
                0.9904
            ],
            "loss": [
                0.42492660580873487,
                0.12976300163269042,
                0.09150019786953927,
                0.08080605083405971,
                0.06231967067867517,
                0.060426121233403685,
                0.05009385213069618,
                0.04722232884624973,
                0.04573463921099901,
                0.04127719640713185,
                0.038339101183600725,
                0.029956905683502556,
                0.03538374668015167,
                0.028843488842668012
            ],