{
    "outputs": [
        [
            0.08662431395724415,
            0.98
        ],
        [
            0.10110093353744597,
            0.975
        ],
        [
            0.0855698385000229,
            0.9814
        ],
        [
            0.08679783686883748,
            0.978
        ],
        [
            0.0714717848032713,
            0.9776
        ]
    ],
    "histories": [
        {
            "val_loss": [
                0.14829775943756104,
                0.11677739429473877,
                0.10255418573617935,
                0.10498694196939469,
                0.09362502807974815,
                0.08270424124002457,
                0.08365631328821183,
                0.09086527829915285,
                0.08530372586846352,
                0.08880298594236374,
                0.09089289074838161,
                0.08923374675959349,
                0.08202340969741344,
                0.08506333179771901,
                0.08741120629012585,
                0.10574996405243874,
                0.09334193999916315,
                0.0858275448732078,
                0.07755881689190865,
                0.0888488143414259,
                0.08457541083572433,
                0.08662431395724415,
                0.1096277001619339,
                0.10006740080565214,
                0.10536513651013374,
                0.11169228300116957,
                0.11088557924628258,
                0.09901823355583474
            ],
            "val_acc": [
                0.952,
                0.9658,
                0.9668,
                0.968,
                0.9724,
                0.9746,
                0.9754,
                0.9734,
                0.9752,
                0.973,
                0.9746,
                0.977,
                0.9762,
                0.9756,
                0.9776,
                0.9712,
                0.9754,
                0.9784,
                0.979,
                0.9772,
                0.9776,
                0.98,
                0.974,
                0.9766,
                0.9764,
                0.9768,
                0.9764,
                0.98
            ],
            "loss": [
                0.4040107047557831,
                0.17765314537286758,
                0.13597447853684425,
                0.1210861841738224,
                0.10968951511383057,
                0.09388976289778948,
                0.08946366099715233,
                0.07982947342693805,
                0.08121291548013687,
                0.06733966118395329,
                0.06463728993758559,
                0.06481662435606123,
                0.05612419072799384,
                0.05607339652180671,
                0.054491281095147136,
                0.05484333274587989,
                0.051794353434816004,
                0.05332112845815718,
                0.04714936465844512,
                0.04258302039168775,
                0.04106015293858945,
                0.04189489188976586,
                0.03872333375401795,
                0.038062302750907835,
                0.04202667380888015,
                0.03244304304867983,
                0.03792357566279825,
                0.03864710420989431
            ],
            "acc": [
                0.853,
                0.94175,
                0.9541,
                0.95985,
                0.9625,
                0.9693,
                0.97075,
                0.97225,
                0.97345,
                0.9775,
                0.97875,
                0.9782,
                0.98065,
                0.98165,
                0.9816,
                0.9823,
                0.9824,
                0.9822,
                0.9843,
                0.98575,
                0.9854,
                0.98615,
                0.9869,
                0.9867,
                0.98625,
                0.9893,
                0.988,
                0.9869
            ]
        },
        {
            "val_loss": [
                0.16461716675758362,
                0.15577770693302154,
                0.11426959820985794,
                0.11648515466451645,
                0.10594452030658721,
                0.09613230855464935,
                0.10114761127829552,
                0.10830134181529283,
                0.11687053922414779,
                0.09520502257794142,
                0.09380163424313068,
                0.10641235566567629,
                0.10527037627785467,
                0.10110093353744597,
                0.09727469523381442,
                0.11962504142663674,
                0.10538725343607366,
                0.10545777238085866,
                0.10298489345014095,
                0.10211087934449314
            ],
            "val_acc": [
                0.9454,
                0.9476,
                0.9636,
                0.9636,
                0.9652,
                0.9688,
                0.9682,
                0.9688,
                0.965,
                0.9724,
                0.9742,
                0.9726,
                0.9716,
                0.975,
                0.9746,
                0.9728,
                0.975,
                0.9736,
                0.9716,
                0.9742
            ],
            "loss": [
                0.399223973941803,
                0.17301649458408355,
                0.13349945250153541,
                0.11575796296298504,
                0.10369316313266753,
                0.09035477161854505,
                0.0826560886889696,
                0.08121259353011846,
                0.07203788794800639,
                0.06923137641623617,
                0.06396472950577736,
                0.05839647868424654,
                0.06045762532576918,
                0.05268753186352551,
                0.04708990114014596,
                0.045054500138387084,
                0.050848092968389394,
                0.04401885913778097,
                0.05016931274533272,
                0.046822897957544775
            ],
            "acc": [
                0.85645,
                0.94275,
                0.95505,
                0.9608,
                0.96665,
                0.9673,
                0.97195,
                0.9732,
                0.9751,
                0.9764,
                0.97675,
                0.9799,
                0.97965,
                0.98185,
                0.98345,
                0.98405,
                0.983,
                0.9848,
                0.98265,
                0.9842
            ]
        },
        {
            "val_loss": [
                0.17231001796722412,
                0.12299942451715469,
                0.1144185070991516,
                0.09491528515815735,
                0.08427714939117431,
                0.09575607445240021,
                0.08202624969482422,
                0.0817086679816246,
                0.0761355691343546,
                0.08651430023908616,
                0.07581393991112709,
                0.08736896134316921,
                0.0773635257344693,
                0.09584480927586556,
                0.09287914447076619,
                0.09468369771391154,
                0.08917654586657882,
                0.0855698385000229,
                0.09432664403617382,
                0.10052584648877383,
                0.10108621714040637,
                0.08981105939745904,
                0.09233549384474754,
                0.10066426288634539
            ],