{
    "outputs": [
        [
            0.0408172784361057,
            0.9882
        ],
        [
            0.0689447750607651,
            0.9882
        ],
        [
            0.05309219628066062,
            0.991
        ],
        [
            0.03696055624442961,
            0.9918
        ],
        [
            0.033591779198162114,
            0.9926
        ]
    ],
    "histories": [
        {
            "val_loss": [
                0.10850733177661896,
                0.06910319040417671,
                0.07618207514882087,
                0.04685384429693222,
                0.042614595386385914,
                0.046263431231305004,
                0.07110064559429884,
                0.03829253297299147,
                0.04765790263973176,
                0.05370319994054735,
                0.047956786949001254,
                0.0408172784361057,
                0.04724726841105148,
                0.04775704381293617,
                0.05662355551221408,
                0.06556010832078756,
                0.0555101971888449,
                0.05294587323362939
            ],
            "val_acc": [
                0.9638,
                0.9776,
                0.9716,
                0.9842,
                0.9852,
                0.9838,
                0.979,
                0.9874,
                0.9854,
                0.985,
                0.9854,
                0.9882,
                0.9864,
                0.9868,
                0.9856,
                0.9832,
                0.9854,
                0.987
            ],
            "loss": [
                0.3768701757073402,
                0.1260443262040615,
                0.09177899608016014,
                0.07013721070885658,
                0.060086194920539855,
                0.05670071112588048,
                0.04735244243629277,
                0.04396264539035037,
                0.03758206118065864,
                0.03661843629125506,
                0.03440245013553649,
                0.030491133103892207,
                0.036116122559597716,
                0.030168134751217438,
                0.022607637740508654,
                0.023380511742900126,
                0.024665016797988208,
                0.027797267175326122
            ],
            "acc": [
                0.87305,
                0.95945,
                0.9705,
                0.97645,
                0.97985,
                0.981,
                0.9843,
                0.98495,
                0.987,
                0.98695,
                0.98865,
                0.99055,
                0.98805,
                0.99025,
                0.99165,
                0.9917,
                0.99065,
                0.9907
            ]
        },
        {
            "val_loss": [
                0.09670891824960709,
                0.0723421990916133,
                0.08413546336922445,
                0.0712039136512205,
                0.07295259218020364,
                0.06737700581583195,
                0.06676589445933787,
                0.06905639223175968,
                0.07011923068207707,
                0.06740237332703364,
                0.06700800221246173,
                0.06733697206840152,
                0.0689447750607651,
                0.08050886586849813,
                0.06347854052723852,
                0.08553085315499923,
                0.07653189719655802,
                0.06926790659040853,
                0.11528465686256534
            ],
            "val_acc": [
                0.9696,
                0.979,
                0.9776,
                0.9812,
                0.9804,
                0.9842,
                0.985,
                0.9858,
                0.9862,
                0.9848,
                0.9856,
                0.987,
                0.9882,
                0.987,
                0.9868,
                0.9864,
                0.9876,
                0.9866,
                0.9834
            ],
            "loss": [
                0.27139453552365306,
                0.08924916798770428,
                0.06065139497071505,
                0.050050361599214374,
                0.037396309473365544,
                0.03444371236534789,
                0.03355159379187971,
                0.024100566446548326,
                0.0228165166701423,
                0.026417726390296593,
                0.024528016701200975,
                0.01758860850611236,
                0.016330503007944207,
                0.02041998140349169,
                0.01884735548787721,
                0.015922988084686222,
                0.018441971939319048,
                0.013392778773939063,
                0.013949958862976928
            ],
            "acc": [
                0.9045,
                0.97205,
                0.9796,
                0.98335,
                0.988,
                0.9879,
                0.98795,
                0.9919,
                0.9925,
                0.99185,
                0.9922,
                0.99345,
                0.99505,
                0.9938,
                0.9936,
                0.99445,
                0.99465,
                0.9956,
                0.9959
            ]
        },
        {
            "val_loss": [
                0.07679340306520462,
                0.0598245600014925,
                0.05477220336198807,
                0.06226133339069784,
                0.05394168015902396,
                0.04697061146390624,
                0.05447220628298819,
                0.0620122219467652,
                0.053809163142135366,
                0.04950125298493658,
                0.05004493682986649,
                0.05094930898013045,
                0.05158794757360592,
                0.05931953238688293,
                0.05026033540126373,
                0.05963189074755696,
                0.051122109050379005,
                0.05309219628066062,
                0.046984904799450306,
                0.05787341191269227,
                0.04660249998972504,
                0.0507881561221031,
                0.053139929989005054,
                0.05707345456521728
            ],
            "val_acc": [
                0.9766,
                0.9832,
                0.9846,
                0.98,
                0.9864,
                0.988,
                0.9854,
                0.9872,
                0.9878,
                0.9886,
                0.988,
                0.9902,
                0.9894,
                0.9854,
                0.9888,
                0.9884,
                0.9904,
                0.991,
                0.9906,
                0.9896,
                0.9906,
                0.9888,
                0.991,
                0.989
            ],
            "loss": [
                0.3079998652935028,
                0.10572054186463356,
                0.06979497844874859,
                0.057138279478996995,
                0.048951681265980006,
                0.037386944336257874,
                0.03695584388487041,
                0.03358776928540319,
                0.030703370687644928,
                0.02519236797336489,
                0.026801417913567275,
                0.027967522445786746,
                0.02654842546656728,
                0.02257912223674357,
                0.01738338026024139,
                0.021373240983020514,
                0.02112640537376865,
                0.019006558739981846,
                0.019071030124404934,
                0.01651156071635196,
                0.016687235738604794,
                0.017852915365395895,
                0.013314578753430397,
                0.015805071083258373
            ],