{
    "outputs": [
        [
            0.034005093997344374,
            0.9908
        ],
        [
            0.033063727152541834,
            0.9898
        ],
        [
            0.036442089019154085,
            0.9924
        ],
        [
            0.04138498477984685,
            0.9894
        ],
        [
            0.03258668016621959,
            0.9922
        ]
    ],
    "histories": [
        {
            "val_loss": [
                0.07379786722958089,
                0.044044658931344745,
                0.034005093997344374,
                0.05385184879899025,
                0.034541786847822366,
                0.039349982400238515,
                0.03598651886377484,
                0.041253011068701745,
                0.03423630600656616
            ],
            "val_acc": [
                0.9768,
                0.987,
                0.9908,
                0.9824,
                0.9904,
                0.9866,
                0.9904,
                0.9874,
                0.9888
            ],
            "loss": [
                0.27603142609596254,
                0.09462011039555072,
                0.07218316665366292,
                0.051706298721581695,
                0.04666545181544498,
                0.0406036030350253,
                0.033155392007716,
                0.03290407883152366,
                0.029405495741777123
            ],
            "acc": [
                0.90265,
                0.96875,
                0.97625,
                0.98345,
                0.9842,
                0.98715,
                0.9894,
                0.9896,
                0.9897
            ]
        },
        {
            "val_loss": [
                0.08085050174687057,
                0.05551170859998092,
                0.0541747665906325,
                0.04471228554816917,
                0.060626300248201,
                0.054836302535736466,
                0.05175474866625154,
                0.04863711702100991,
                0.04783404969821131,
                0.061503222391014245,
                0.051119810812383364,
                0.033063727152541834,
                0.06041435177279639,
                0.0424868758407888,
                0.04808638563997138,
                0.05465645509674218,
                0.07158650387510633,
                0.038365310313052035
            ],
            "val_acc": [
                0.9742,
                0.98,
                0.9812,
                0.9838,
                0.9802,
                0.9846,
                0.9858,
                0.9872,
                0.9874,
                0.9852,
                0.9878,
                0.9898,
                0.9866,
                0.9894,
                0.989,
                0.9866,
                0.985,
                0.9884
            ],
            "loss": [
                0.2468713141053915,
                0.0956658964663744,
                0.06094050004258752,
                0.053077925220131876,
                0.04510744986478239,
                0.03545651820623316,
                0.03639623007606715,
                0.038233671096805484,
                0.026768299626652153,
                0.023168540699919686,
                0.023285813414608128,
                0.02446642892751843,
                0.02467985554677434,
                0.02149362290855497,
                0.017457118551354504,
                0.025113700740243074,
                0.016808836025407073,
                0.02038777845443692
            ],
            "acc": [
                0.91315,
                0.9691,
                0.97865,
                0.98305,
                0.9859,
                0.98815,
                0.988,
                0.98775,
                0.9912,
                0.9922,
                0.9921,
                0.9917,
                0.99225,
                0.9928,
                0.9941,
                0.99325,
                0.9942,
                0.9935
            ]
        },
        {
            "val_loss": [
                0.07926548534631729,
                0.051601943176984785,
                0.048234686543419954,
                0.0429478034697473,
                0.035758128708973526,
                0.038476639594184237,
                0.03838446380193345,
                0.04750195201998576,
                0.03316571786366403,
                0.03560322814319516,
                0.0377496381492223,
                0.03963193841795437,
                0.03611937823728658,
                0.03919770266020205,
                0.06617016830248758,
                0.036442089019154085,
                0.04840974840214767,
                0.06605874315301044,
                0.03712490723872324,
                0.048915398214323794,
                0.05711695632620831,
                0.05362428323743952
            ],
            "val_acc": [
                0.9732,
                0.985,
                0.9834,
                0.9868,
                0.988,
                0.9866,
                0.9886,
                0.986,
                0.99,
                0.9906,
                0.9916,
                0.9886,
                0.99,
                0.991,
                0.9844,
                0.9924,
                0.988,
                0.987,
                0.9904,
                0.9884,
                0.9888,
                0.987
            ],
            "loss": [
                0.2670195349872112,
                0.09548496032059192,
                0.06327042161887511,
                0.05768814325518906,
                0.04380254559032619,
                0.036573220442607995,
                0.03754788061715662,
                0.03505397982364521,
                0.028787522005196662,
                0.027872266518021934,
                0.02722625042318832,
                0.025375293750688435,
                0.01989560107155703,
                0.018201605066657793,
                0.025866990400810027,
                0.02173041377014597,
                0.022884152632943005,
                0.021887022872595117,
                0.017348613631400077,
                0.01740193966763327,
                0.021889815840896335,
                0.020616645017880363
            ],
            "acc": [
                0.90555,
                0.9693,
                0.97955,
                0.9814,
                0.98585,
                0.98775,
                0.9869,
                0.9884,
                0.99035,
                0.99145,
                0.9916,
                0.9914,
                0.9938,
                0.99425,
                0.99235,
                0.993,
                0.9933,
                0.99455,
                0.99485,
                0.9942,
                0.99365,
                0.99425
            ]
        },
        {
            "val_loss": [
                0.09230883102416992,
                0.06635916015505791,
                0.0627925630748272,
                0.045615363865718246,
                0.04614534859396517,
                0.04138498477984685,
                0.04150656680397224,
                0.040557885570358485,
                0.04946375585317146,
                0.04310907198227942,
                0.05363304572826455,
                0.047046027734113156
            ],
            "val_acc": [
                0.9716,
                0.9794,
                0.9808,
                0.9866,
                0.9862,
                0.9894,
                0.9888,
                0.9884,
                0.9874,
                0.9878,
                0.9866,
                0.9878
            ],