{
    "outputs": [
        [
            0.04447382000644613,
            0.9922
        ],
        [
            0.03800077112093568,
            0.9902
        ],
        [
            0.03147489544376731,
            0.992
        ],
        [
            0.03735692601762712,
            0.9902
        ],
        [
            0.03411223799940199,
            0.99
        ]
    ],
    "histories": [
        {
            "val_loss": [
                0.09668088554739952,
                0.04682754374742508,
                0.04006374571174383,
                0.04792190054198727,
                0.04391331476047635,
                0.0354632756263949,
                0.0370675959213404,
                0.03715889166407287,
                0.037377860936475917,
                0.03483840529579902,
                0.05113994913040369,
                0.04306554960720241,
                0.03687008078744402,
                0.03985326200974159,
                0.04416193437112961,
                0.04042427088460354,
                0.03995842602693938,
                0.04865292177677043,
                0.04537128595896088,
                0.0412420768033553,
                0.04447382000644613,
                0.0483362268001729,
                0.04362425137346181,
                0.05023681807218238,
                0.04589487130942291,
                0.04785192251699284,
                0.04795977759489908
            ],
            "val_acc": [
                0.9694,
                0.9854,
                0.9868,
                0.9852,
                0.9852,
                0.9902,
                0.9896,
                0.991,
                0.991,
                0.9908,
                0.988,
                0.9914,
                0.9906,
                0.9914,
                0.9912,
                0.991,
                0.992,
                0.99,
                0.9888,
                0.9914,
                0.9922,
                0.9918,
                0.9904,
                0.9912,
                0.9916,
                0.9912,
                0.9908
            ],
            "loss": [
                0.22981944031119347,
                0.0850604981943965,
                0.062038674977421764,
                0.04738012480735779,
                0.04475991237685084,
                0.03955037378501147,
                0.033152736696833746,
                0.0303590456798207,
                0.02865203507596161,
                0.023505075182719156,
                0.02529850484323688,
                0.028636674745264462,
                0.023117932163213846,
                0.019876827141913238,
                0.02357254830063612,
                0.023222102724295108,
                0.019207908838507867,
                0.02025351744502259,
                0.025675547205412295,
                0.015916663071353105,
                0.013655283265012986,
                0.01956823923901684,
                0.01974776006981956,
                0.01668259480306606,
                0.01792488293125716,
                0.0158507476252591,
                0.01884659904691871
            ],
            "acc": [
                0.92005,
                0.97285,
                0.97975,
                0.98355,
                0.98595,
                0.98675,
                0.98895,
                0.9901,
                0.9904,
                0.9924,
                0.991,
                0.99135,
                0.9927,
                0.99375,
                0.9926,
                0.9923,
                0.99495,
                0.9938,
                0.9926,
                0.9948,
                0.9963,
                0.9939,
                0.9937,
                0.9949,
                0.9951,
                0.9958,
                0.9947
            ]
        },
        {
            "val_loss": [
                0.09328309066295624,
                0.059765219005942345,
                0.044544745126366615,
                0.043505194912850854,
                0.04194384165257215,
                0.04080676008462906,
                0.03747187486775219,
                0.045144075952097774,
                0.05009462800398469,
                0.03981967533230782,
                0.043895369986118746,
                0.05072980441562831,
                0.03800077112093568,
                0.07568244415712543,
                0.048257174468599257,
                0.08263307556626387,
                0.0507385730789043,
                0.048589164743130096,
                0.05601451666033827
            ],
            "val_acc": [
                0.968,
                0.9796,
                0.985,
                0.9862,
                0.986,
                0.9876,
                0.9884,
                0.987,
                0.9848,
                0.9892,
                0.988,
                0.9894,
                0.9902,
                0.9842,
                0.9872,
                0.9824,
                0.9884,
                0.9896,
                0.9886
            ],
            "loss": [
                0.21929741525650023,
                0.0856547613054514,
                0.05808906963840127,
                0.04861419251700863,
                0.04250378277078271,
                0.030898258581012486,
                0.030269241301063447,
                0.029817913933470844,
                0.026746870725578627,
                0.024533014634018763,
                0.019829262894042767,
                0.022514390272682067,
                0.019739127533929424,
                0.01693966652046656,
                0.026106389798107556,
                0.017258199721598068,
                0.020250224611879093,
                0.01503401099358016,
                0.014366059108710033
            ],
            "acc": [
                0.9254,
                0.9704,
                0.97875,
                0.9835,
                0.9853,
                0.9896,
                0.9899,
                0.9903,
                0.9908,
                0.9915,
                0.9932,
                0.9932,
                0.99385,
                0.99455,
                0.9915,
                0.99465,
                0.9936,
                0.99515,
                0.99525
            ]
        },
        {
            "val_loss": [
                0.06982918194532395,
                0.051357288151979444,
                0.04155822456181049,
                0.04715826284885406,
                0.04820891450420022,
                0.03917983005438,
                0.04081238924488425,
                0.034995526943355795,
                0.0396718018759042,
                0.0423753885071259,
                0.04807413997435942,
                0.0401249010075815,
                0.043413422148162496,
                0.03147489544376731,
                0.030244254760083276,
                0.03562324322140776,
                0.03950629568397999,
                0.06320076005044394,
                0.04797341740379343,
                0.034960669348493685
            ],
            "val_acc": [
                0.9784,
                0.9812,
                0.9876,
                0.9826,
                0.9836,
                0.9872,
                0.9864,
                0.988,
                0.9892,
                0.9884,
                0.987,
                0.9884,
                0.9904,
                0.992,
                0.9912,
                0.9904,
                0.9898,
                0.9838,
                0.9884,
                0.9918
            ],