{
    "outputs": [
        [
            0.05088216867462034,
            0.9906
        ],
        [
            0.024905751072592103,
            0.9922
        ],
        [
            0.046049780950572314,
            0.9902
        ],
        [
            0.03984929092045641,
            0.9914
        ],
        [
            0.03326020535370335,
            0.9902
        ]
    ],
    "histories": [
        {
            "val_loss": [
                0.09232383966445923,
                0.06455966564714909,
                0.049930603697896,
                0.04750391717329621,
                0.06113041331828572,
                0.048363575725257395,
                0.052037999843806027,
                0.052649860326573254,
                0.056142082191235385,
                0.05384138609254733,
                0.05172966772128129,
                0.05738299307813286,
                0.05635412447182462,
                0.04450294884702889,
                0.0519832604628522,
                0.05575254895626567,
                0.06150003085015924,
                0.049552487462945286,
                0.09288073014565525,
                0.07137371680749494,
                0.05088216867462034,
                0.07080585170759586,
                0.07412008723739127,
                0.06592572491101618,
                0.062091059641438184,
                0.05897629826564371,
                0.06836150819172654
            ],
            "val_acc": [
                0.9678,
                0.9816,
                0.9834,
                0.986,
                0.984,
                0.9876,
                0.9854,
                0.989,
                0.9866,
                0.9878,
                0.986,
                0.9886,
                0.9882,
                0.9896,
                0.988,
                0.9872,
                0.989,
                0.9898,
                0.9848,
                0.9882,
                0.9906,
                0.988,
                0.988,
                0.9898,
                0.9876,
                0.9882,
                0.989
            ],
            "loss": [
                0.28165329575538633,
                0.09969271858334541,
                0.07391976921856404,
                0.056823227994143966,
                0.04365870174076408,
                0.03838088096119464,
                0.03506652106400579,
                0.031029527383297683,
                0.0302293810185045,
                0.026906083438661882,
                0.028801954232377466,
                0.025458825300936586,
                0.02649447610373609,
                0.02065651405263925,
                0.021902257803897374,
                0.021666489167371766,
                0.01922421089086565,
                0.017477204393176363,
                0.01926674964693011,
                0.016707121978617213,
                0.017524297054029376,
                0.01908702785768546,
                0.01332222814904817,
                0.012489406175326439,
                0.018108897708321456,
                0.014755429210883448,
                0.015373027775822175
            ],
            "acc": [
                0.9008,
                0.96715,
                0.9746,
                0.98145,
                0.98355,
                0.98785,
                0.98915,
                0.9898,
                0.9902,
                0.99045,
                0.99025,
                0.9908,
                0.99185,
                0.99355,
                0.9929,
                0.99275,
                0.99395,
                0.9943,
                0.99365,
                0.9949,
                0.9932,
                0.9942,
                0.9951,
                0.9966,
                0.99455,
                0.99525,
                0.99545
            ]
        },
        {
            "val_loss": [
                0.08195310728549958,
                0.05619433306753635,
                0.041501791074872015,
                0.03844270684197545,
                0.035267055771034214,
                0.033593007282773035,
                0.032664824746234805,
                0.029582259918935597,
                0.02858892051219009,
                0.022067641475939308,
                0.031773665146308486,
                0.024905751072592103,
                0.03579506063633598,
                0.029972614342579935,
                0.025769446342554875,
                0.031044510363365408,
                0.04198642807649526,
                0.0316279014341435
            ],
            "val_acc": [
                0.9714,
                0.9818,
                0.9852,
                0.9876,
                0.9878,
                0.989,
                0.9882,
                0.9906,
                0.9898,
                0.9912,
                0.9882,
                0.9922,
                0.9892,
                0.9902,
                0.9908,
                0.9906,
                0.9878,
                0.9902
            ],
            "loss": [
                0.35909920415878294,
                0.12328876630663872,
                0.09123957136422396,
                0.07487386000603437,
                0.05861422895304859,
                0.05752850078344345,
                0.049965880484879016,
                0.04408457683790475,
                0.04068763061389327,
                0.03802956713400781,
                0.03629234248604626,
                0.03128604431692511,
                0.029724932261370123,
                0.031815570449549704,
                0.03429572784868069,
                0.025663648629840462,
                0.025265424048528076,
                0.02949263200443238
            ],
            "acc": [
                0.87285,
                0.9591,
                0.97065,
                0.97495,
                0.9808,
                0.98075,
                0.984,
                0.98565,
                0.9864,
                0.9874,
                0.988,
                0.98955,
                0.9899,
                0.9883,
                0.98845,
                0.9913,
                0.9913,
                0.99005
            ]
        },
        {
            "val_loss": [
                0.08989384086430073,
                0.07164339276105165,
                0.06933552906368859,
                0.04827300133537501,
                0.0572759910332039,
                0.05030511931423098,
                0.049521251639258114,
                0.04581412967804354,
                0.0452276242824737,
                0.062417523716021245,
                0.04255281010015169,
                0.04545562234550889,
                0.05424542865846406,
                0.04264855706095696,
                0.046049780950572314,
                0.05681777552613057,
                0.048270153960748574,
                0.057003157654614826,
                0.049130350644188005,
                0.06575569329397477,
                0.06479384044595764
            ],
            "val_acc": [
                0.974,
                0.978,
                0.9768,
                0.9844,
                0.9832,
                0.9848,
                0.9866,
                0.9876,
                0.9888,
                0.985,
                0.9898,
                0.9876,
                0.9888,
                0.9888,
                0.9902,
                0.9862,
                0.9884,
                0.9868,
                0.989,
                0.9882,
                0.9884
            ],