{
    "outputs": [
        [
            0.03349172669057152,
            0.9906
        ],
        [
            0.035931309686263554,
            0.9898
        ],
        [
            0.048495206682401475,
            0.9866
        ],
        [
            0.03728488428518176,
            0.9906
        ],
        [
            0.05274791785043199,
            0.9904
        ]
    ],
    "histories": [
        {
            "val_loss": [
                0.11085919612646103,
                0.08270935717225075,
                0.05697668499499559,
                0.045514658768102526,
                0.04677071397602558,
                0.047777052876120434,
                0.03964903064593673,
                0.04101445942698047,
                0.03847511615632102,
                0.038473461745341775,
                0.03988021065429202,
                0.04036887816307717,
                0.03572472856361419,
                0.03349172669057152,
                0.04592027650936507,
                0.03881470142384351,
                0.04599314641105011,
                0.05224610572297825,
                0.05650105214718642,
                0.03761216489151484
            ],
            "val_acc": [
                0.9624,
                0.9722,
                0.9816,
                0.9842,
                0.985,
                0.9864,
                0.9876,
                0.9894,
                0.9894,
                0.9882,
                0.988,
                0.9866,
                0.9896,
                0.9906,
                0.988,
                0.9906,
                0.988,
                0.9866,
                0.9868,
                0.9906
            ],
            "loss": [
                0.38476753314733503,
                0.1316425240635872,
                0.0904267441779375,
                0.07217849919050932,
                0.06071818864196539,
                0.05497052653580904,
                0.05119773428067565,
                0.045879877505451444,
                0.041089856861904264,
                0.03841433131210506,
                0.03274541629580781,
                0.03710661913687363,
                0.03004451569353696,
                0.030970872603100726,
                0.03811265658489429,
                0.027351910725887864,
                0.021373652917379513,
                0.0250765968603082,
                0.020507828960882032,
                0.02309256389597431
            ],
            "acc": [
                0.8612,
                0.9564,
                0.97015,
                0.97585,
                0.97935,
                0.9805,
                0.98285,
                0.98345,
                0.98685,
                0.98685,
                0.98875,
                0.9875,
                0.9899,
                0.9901,
                0.98795,
                0.99035,
                0.99215,
                0.9923,
                0.99295,
                0.99195
            ]
        },
        {
            "val_loss": [
                0.1482110138654709,
                0.06605534896403552,
                0.057303671389073135,
                0.053517553295940164,
                0.051413240625709296,
                0.04698594467006624,
                0.03835390144754201,
                0.04398611885518767,
                0.03711193695992697,
                0.035931309686263554,
                0.04453774445122108,
                0.041484939523471986,
                0.04392978937882581,
                0.04578222068946998,
                0.0461825929151848,
                0.03960135022932081
            ],
            "val_acc": [
                0.946,
                0.978,
                0.9822,
                0.9834,
                0.9842,
                0.9848,
                0.9894,
                0.9858,
                0.988,
                0.9898,
                0.9884,
                0.9876,
                0.989,
                0.9888,
                0.987,
                0.989
            ],
            "loss": [
                0.37397054150104525,
                0.1372920768260956,
                0.09916220863461495,
                0.08006538311988115,
                0.07161016306467355,
                0.05899024228155613,
                0.05646439614593983,
                0.04861560810133815,
                0.04561870642006397,
                0.04138454950321466,
                0.03647367794578895,
                0.0375582152813673,
                0.03684150717109442,
                0.03490064303930849,
                0.03251924449531361,
                0.028178035243949854
            ],
            "acc": [
                0.8646,
                0.9548,
                0.96635,
                0.9725,
                0.97555,
                0.98045,
                0.98115,
                0.98375,
                0.9844,
                0.98645,
                0.9886,
                0.98705,
                0.9883,
                0.9879,
                0.9888,
                0.99105
            ]
        },
        {
            "val_loss": [
                0.13004073075652123,
                0.08482184273526072,
                0.07691841552220285,
                0.06128196856472641,
                0.05029530809819698,
                0.058797842930164185,
                0.05206973733946215,
                0.0470106163849181,
                0.05142739025349729,
                0.051185422039101834,
                0.048495206682401475,
                0.05084676890079863,
                0.06226172588624904,
                0.05880294740457612,
                0.044407596708170606,
                0.062017227810838085,
                0.04279434185761493
            ],
            "val_acc": [
                0.9594,
                0.9722,
                0.9746,
                0.9812,
                0.9842,
                0.9816,
                0.9846,
                0.9864,
                0.9848,
                0.984,
                0.9866,
                0.9864,
                0.9842,
                0.9832,
                0.9864,
                0.9832,
                0.9862
            ],
            "loss": [
                0.4010745669603348,
                0.157112834918499,
                0.12031782292723656,
                0.10038521260172129,
                0.07990783221274614,
                0.07623831921368837,
                0.06661337398141623,
                0.05368029565960169,
                0.05317369498088956,
                0.054520333893597124,
                0.04877032478824258,
                0.0530659388884902,
                0.04353207343332469,
                0.04017551299426705,
                0.03891508475728333,
                0.03217329881982878,
                0.04028466126322746
            ],