{
    "outputs": [
        [
            0.03686442334540452,
            0.9908
        ],
        [
            0.034834052371958385,
            0.9902
        ],
        [
            0.03161454497985542,
            0.991
        ],
        [
            0.05179305134918541,
            0.99
        ],
        [
            0.04172161486416298,
            0.9896
        ]
    ],
    "histories": [
        {
            "val_loss": [
                0.09385604872554541,
                0.07367743823565542,
                0.04634932688288391,
                0.04407483924627304,
                0.051858255096990616,
                0.0383260492045898,
                0.03677341211747262,
                0.037831353134056556,
                0.03730315017350076,
                0.05276681855887728,
                0.036182006502526835,
                0.03564293191830366,
                0.03686442334540452,
                0.04657255068908089,
                0.035935001114480294,
                0.04042865203219662,
                0.04024455193843205,
                0.0427017179913355,
                0.04765533035249482
            ],
            "val_acc": [
                0.973,
                0.9758,
                0.987,
                0.9856,
                0.983,
                0.9878,
                0.9894,
                0.9904,
                0.9902,
                0.987,
                0.989,
                0.9902,
                0.9908,
                0.9876,
                0.9902,
                0.9904,
                0.9894,
                0.9898,
                0.9892
            ],
            "loss": [
                0.4359205783486366,
                0.13086024217009545,
                0.09570828789770604,
                0.07855349700003862,
                0.06015973467081785,
                0.05372808463834226,
                0.04969599241800606,
                0.04445198187306523,
                0.04113466588184238,
                0.042317564897285775,
                0.0375637268169783,
                0.032490034871455284,
                0.0318740470841527,
                0.03360487436489202,
                0.030004845784278585,
                0.029279378563258796,
                0.027509050404932348,
                0.026124795552960132,
                0.02675037535619922
            ],
            "acc": [
                0.84445,
                0.9577,
                0.9683,
                0.97365,
                0.9802,
                0.98095,
                0.9834,
                0.9854,
                0.9855,
                0.9864,
                0.98635,
                0.9887,
                0.989,
                0.98805,
                0.99035,
                0.9904,
                0.99095,
                0.99145,
                0.99105
            ]
        },
        {
            "val_loss": [
                0.10399003442525864,
                0.06815963691361249,
                0.054395145929139105,
                0.04505952740998473,
                0.047314058028929865,
                0.04304375988696702,
                0.04060976315177977,
                0.03916596027316918,
                0.04491042903456837,
                0.04920502274748869,
                0.045638319857232275,
                0.034834052371958385,
                0.05220232515530661,
                0.055914925896190106,
                0.04057336984036665,
                0.04948579952567816,
                0.041341973640585,
                0.046463354599452576
            ],
            "val_acc": [
                0.9704,
                0.9796,
                0.9842,
                0.9864,
                0.9856,
                0.9878,
                0.9896,
                0.9884,
                0.9868,
                0.9866,
                0.9882,
                0.9902,
                0.99,
                0.9878,
                0.9892,
                0.988,
                0.9892,
                0.989
            ],
            "loss": [
                0.386678431391716,
                0.12199741860330104,
                0.08358437098562717,
                0.06695425511393696,
                0.05872142251953483,
                0.046367856907099485,
                0.04650828122794628,
                0.037943004912510514,
                0.03671974526047707,
                0.03019369794242084,
                0.029704176895413548,
                0.03122544571894687,
                0.02349454516465776,
                0.027080607544642407,
                0.027359295479673893,
                0.022968181109253784,
                0.022688836759328843,
                0.021165519912843593
            ],
            "acc": [
                0.8639,
                0.95985,
                0.97145,
                0.97635,
                0.9816,
                0.98475,
                0.98495,
                0.98725,
                0.9882,
                0.9896,
                0.98925,
                0.9896,
                0.99195,
                0.99145,
                0.99065,
                0.9929,
                0.992,
                0.99255
            ]
        },
        {
            "val_loss": [
                0.08853784044254571,
                0.07208272857666016,
                0.04285613475441933,
                0.0407098387658596,
                0.04191132326815277,
                0.049935786610189825,
                0.04384180408713873,
                0.03161454497985542,
                0.03486044386168942,
                0.03939381634911988,
                0.033861194543284366,
                0.04434655406838283,
                0.03793200970934704,
                0.03335054328367114
            ],
            "val_acc": [
                0.971,
                0.974,
                0.9858,
                0.9882,
                0.9846,
                0.985,
                0.9856,
                0.991,
                0.9904,
                0.9884,
                0.9906,
                0.9888,
                0.9904,
                0.9904
            ],
            "loss": [
                0.403220365858078,
                0.12830554628968238,
                0.09185248157083988,
                0.07251952089965344,
                0.06956518933400511,
                0.04929758169353008,
                0.04619432724714279,
                0.04624093989152461,
                0.03397318830192089,
                0.040527785604819656,
                0.037754642064869406,
                0.029955969476886092,
                0.02992675492782146,
                0.03086651600766927
            ],
            "acc": [
                0.8557,
                0.957,
                0.9707,
                0.97585,
                0.9767,
                0.9835,
                0.98435,
                0.98465,
                0.9881,
                0.9852,
                0.98665,
                0.98985,
                0.99,
                0.99045
            ]
        },
        {
            "val_loss": [
                0.1263485332250595,
                0.07909555549621582,
                0.05419195401072502,
                0.06493624736070633,
                0.058629152565449476,
                0.0659094939723611,
                0.045278732069581745,
                0.06968172256425023,
                0.05776488847564906,
                0.05636457341630012,
                0.060300536216795445,
                0.048815101604443044,
                0.05140031789429486,
                0.05179305134918541,
                0.07053743657581509,
                0.05020784970987588,
                0.05798948525600135,
                0.05386793972915038,
                0.0641533246506704,
                0.0537851950034732
            ],