{
    "outputs": [
        [
            0.24388104216920006,
            0.9045555555555556
        ],
        [
            0.24998340197404226,
            0.9061111111111111
        ],
        [
            0.24095485305786132,
            0.9073333333333333
        ],
        [
            0.2478356226061781,
            0.9112222222222223
        ],
        [
            0.26618236276838514,
            0.9031111111111111
        ]
    ],
    "histories": [
        {
            "val_loss": [
                0.3735526749160555,
                0.32413716110918256,
                0.29759351760811276,
                0.28084704189830356,
                0.2737290580338902,
                0.25735242974095873,
                0.25398909211158754,
                0.24394747253921298,
                0.23650368128882515,
                0.2516788741019037,
                0.24388104216920006,
                0.2449724985261758,
                0.23846404167016347,
                0.24445528719822565,
                0.23309809748497273,
                0.24734809836414126,
                0.24842974890271824
            ],
            "val_acc": [
                0.8505555555555555,
                0.8704444444444445,
                0.8766666666666667,
                0.8824444444444445,
                0.8865555555555555,
                0.8967777777777778,
                0.8971111111111111,
                0.8994444444444445,
                0.8993333333333333,
                0.8976666666666666,
                0.9045555555555556,
                0.902,
                0.9025555555555556,
                0.9,
                0.904,
                0.9027777777777778,
                0.901
            ],
            "loss": [
                0.6503927385277218,
                0.4355470881859462,
                0.3904455797009998,
                0.3607813588844405,
                0.3371368028852675,
                0.31984923283259076,
                0.3052987886071205,
                0.2920788068705135,
                0.2779945188081927,
                0.27124122955732877,
                0.26535993900232846,
                0.2563903155061934,
                0.24882035018669235,
                0.24110719536741573,
                0.24036781923969586,
                0.23253225780361228,
                0.2287799496187104
            ],
            "acc": [
                0.7557222222222222,
                0.8286944444444444,
                0.8452777777777778,
                0.8548055555555556,
                0.8639166666666667,
                0.8702777777777778,
                0.8760833333333333,
                0.8808888888888889,
                0.8870833333333333,
                0.8898611111111111,
                0.89125,
                0.8965833333333333,
                0.8983333333333333,
                0.9025833333333333,
                0.9018611111111111,
                0.9045,
                0.9075
            ]
        },
        {
            "val_loss": [
                0.39437177026934095,
                0.34304507615831165,
                0.31423188190990026,
                0.29601583586798774,
                0.2915070295466317,
                0.28169020716349286,
                0.2639799138440026,
                0.27014057995213403,
                0.26372916882567937,
                0.27160081133577557,
                0.26066013799773324,
                0.27082070110903844,
                0.2611363522277938,
                0.2526395637724135,
                0.2533830605745316,
                0.2552542874150806,
                0.24998340197404226,
                0.2651162360376782,
                0.26757558314005536,
                0.2551109905375375,
                0.2652661852439245,
                0.25260813862747616,
                0.2594666994810104
            ],
            "val_acc": [
                0.8361111111111111,
                0.8613333333333333,
                0.8753333333333333,
                0.881,
                0.8808888888888889,
                0.8847777777777778,
                0.8884444444444445,
                0.8895555555555555,
                0.8976666666666666,
                0.8914444444444445,
                0.8954444444444445,
                0.8973333333333333,
                0.8987777777777778,
                0.9008888888888889,
                0.9007777777777778,
                0.9014444444444445,
                0.9061111111111111,
                0.9011111111111111,
                0.8997777777777778,
                0.9006666666666666,
                0.9005555555555556,
                0.9012222222222223,
                0.9022222222222223
            ],
            "loss": [
                0.6415966812107298,
                0.43506130123138426,
                0.38737204698721567,
                0.35407371910413105,
                0.33671281048324375,
                0.3216828606062465,
                0.30603866592380735,
                0.2944303387635284,
                0.2792230737739139,
                0.2782964959243933,
                0.2664922082920869,
                0.25707078864839344,
                0.2578182396656937,
                0.24628855524460475,
                0.24037315426601305,
                0.23794395182695655,
                0.23103880763219461,
                0.229053867596719,
                0.22309559055334993,
                0.2168672253655063,
                0.21598268626961442,
                0.2103808131714662,
                0.20956447825994756
            ],
            "acc": [
                0.7571666666666667,
                0.83075,
                0.8437777777777777,
                0.8569444444444444,
                0.8648333333333333,
                0.8725833333333334,
                0.8760277777777777,
                0.8796111111111111,
                0.8836111111111111,
                0.8876111111111111,
                0.89225,
                0.8956666666666667,
                0.8954722222222222,
                0.8990833333333333,
                0.90325,
                0.9042222222222223,
                0.9077222222222222,
                0.9056111111111111,
                0.909,
                0.9116944444444445,
                0.9119722222222222,
                0.9151388888888888,
                0.9166111111111112
            ]
        },
        {
            "val_loss": [
                0.37675884736908805,
                0.32476438416375053,
                0.3066398195690579,
                0.2878340474234687,
                0.2781240124967363,
                0.26493357721964517,
                0.2557470406426324,
                0.2568655988242891,
                0.2509070302512911,
                0.2567517305480109,
                0.24095485305786132,
                0.2476828430891037,
                0.2492544830110338,
                0.24701893957455953,
                0.2536747983296712,
                0.24520462911658816,
                0.25027639349301656
            ],
            "val_acc": [
                0.8542222222222222,
                0.8732222222222222,
                0.8757777777777778,
                0.8854444444444445,
                0.8901111111111111,
                0.8917777777777778,
                0.8996666666666666,
                0.8965555555555556,
                0.9024444444444445,
                0.8986666666666666,
                0.9073333333333333,
                0.9023333333333333,
                0.9051111111111111,
                0.9033333333333333,
                0.9,
                0.9058888888888889,
                0.9
            ],