{
    "outputs": [
        [
            0.07532265038168989,
            0.9788
        ],
        [
            0.10479895031210035,
            0.9732
        ],
        [
            0.07178599239527247,
            0.9778
        ],
        [
            0.07739815148711204,
            0.9786
        ],
        [
            0.07305609619630632,
            0.9756
        ]
    ],
    "histories": [
        {
            "val_loss": [
                0.12485679968744516,
                0.10538514753580093,
                0.08477127410508692,
                0.0827492515668273,
                0.07707348970510065,
                0.07516191698685289,
                0.07848569457791746,
                0.06896729347966611,
                0.06858705147365109,
                0.07944797667828389,
                0.06486705938838422,
                0.06575187336331001,
                0.07231009828335373,
                0.07994039461042267,
                0.07095866338191555,
                0.09767360498063499,
                0.07532265038168989,
                0.08079654859379808,
                0.07677722449334543,
                0.07748867884846404,
                0.08061728332496058,
                0.07989509328158856,
                0.07175685486620059
            ],
            "val_acc": [
                0.957,
                0.9624,
                0.9702,
                0.972,
                0.9722,
                0.9726,
                0.974,
                0.976,
                0.9768,
                0.9738,
                0.9762,
                0.9774,
                0.9754,
                0.9742,
                0.9784,
                0.9724,
                0.9788,
                0.9766,
                0.9784,
                0.9778,
                0.9772,
                0.978,
                0.9778
            ],
            "loss": [
                0.3156912644982338,
                0.15891159043312073,
                0.12640711333751678,
                0.10867528967857361,
                0.08821620516777039,
                0.08944917610287666,
                0.08212011601626873,
                0.07306631840616465,
                0.07152194331884384,
                0.06327370860129594,
                0.061258290370553733,
                0.052549716986715796,
                0.04924024319490418,
                0.051746728390082715,
                0.04951863194704056,
                0.04233907583728433,
                0.04231712161786854,
                0.03761808678619564,
                0.0359786987978965,
                0.03921280122043099,
                0.03381320971371606,
                0.03222045365367085,
                0.036650652319565415
            ],
            "acc": [
                0.8879,
                0.9462,
                0.9539,
                0.961,
                0.96815,
                0.969,
                0.9716,
                0.9742,
                0.97555,
                0.97795,
                0.9779,
                0.98025,
                0.981,
                0.98165,
                0.9822,
                0.9845,
                0.98495,
                0.98615,
                0.98715,
                0.9859,
                0.98565,
                0.9891,
                0.98685
            ]
        },
        {
            "val_loss": [
                0.16892545901536943,
                0.1308727970033884,
                0.11832238379716874,
                0.10883651780486107,
                0.10097361757457256,
                0.11826030390262604,
                0.10404525792002678,
                0.09357383785974234,
                0.0958199601560831,
                0.09449652078449726,
                0.09751555207874626,
                0.10725376076996326,
                0.10193670457452536,
                0.10479895031210035,
                0.10728298089206219,
                0.09974354677721858,
                0.10959563025971875,
                0.12816844761190005,
                0.11399220812488348,
                0.1129731042975327
            ],
            "val_acc": [
                0.9424,
                0.9566,
                0.962,
                0.9646,
                0.966,
                0.961,
                0.965,
                0.9712,
                0.9714,
                0.9694,
                0.9698,
                0.971,
                0.97,
                0.9732,
                0.9706,
                0.9724,
                0.9694,
                0.9688,
                0.9716,
                0.9696
            ],
            "loss": [
                0.3168343282580376,
                0.14829705071449278,
                0.12002646117806434,
                0.10843051238059997,
                0.09304788475632668,
                0.08382514204382896,
                0.07719155758470297,
                0.07276981303393841,
                0.06823678771853448,
                0.06273124306797981,
                0.05686068288832903,
                0.058297717464342716,
                0.05012006636187434,
                0.05054487414769828,
                0.04753194741010666,
                0.045957630970701574,
                0.04126133050583303,
                0.03797463513799012,
                0.04130304390080273,
                0.037692140856850895
            ],
            "acc": [
                0.8856,
                0.94885,
                0.9568,
                0.96125,
                0.96705,
                0.971,
                0.9719,
                0.9736,
                0.9745,
                0.97645,
                0.97875,
                0.97875,
                0.9812,
                0.98125,
                0.98155,
                0.98355,
                0.9846,
                0.98545,
                0.9857,
                0.9872
            ]
        },
        {
            "val_loss": [
                0.14312467368841172,
                0.11230593100935221,
                0.10957709164619446,
                0.08908620433695615,
                0.09691031081452965,
                0.08232262253593653,
                0.10176484597860835,
                0.08089229073231108,
                0.09782451549215475,
                0.07542620668746532,
                0.08391303816875442,
                0.0891972990616283,
                0.07178599239527247,
                0.09053561403755447,
                0.0797743677974744,
                0.07847326296099345,
                0.0950671935574639,
                0.09579678512069331,
                0.09813919004354393
            ],
            "val_acc": [
                0.9492,
                0.9586,
                0.9628,
                0.9688,
                0.9668,
                0.971,
                0.9624,
                0.9726,
                0.972,
                0.9748,
                0.976,
                0.9756,
                0.9778,
                0.976,
                0.9776,
                0.9768,
                0.9764,
                0.9764,
                0.9746
            ],
            "loss": [
                0.3078619049549103,
                0.15678467061519621,
                0.12754137290120124,
                0.10453360521793366,
                0.09665243087261916,
                0.09026439399719238,
                0.08320856392532587,
                0.07395847095102072,
                0.0673392735766247,
                0.06536689156889916,
                0.05945224794521928,
                0.05201055715531111,
                0.05404081189334393,
                0.05070100051909685,
                0.04419203941561282,
                0.0444957418480888,
                0.03741494786031544,
                0.04101828463971615,
                0.036094853312103076
            ],